,judul berita,penerbit,sinopsis,link
0,Indonesia tunjukkan transformasi pendidikan lewat wadah digital,ANTARA News Jambi,ANTARA - Indonesia menunjukkan sejumlah platform berbasis teknologi digital seperti Platform Merdeka Mengajar dan Rapor Pendidikan kepada...17 jam yang lalu,https://jambi.antaranews.com/rilis-pers/4369531/indonesia-tunjukkan-transformasi-pendidikan-lewat-wadah-digital&sa=U&ved=2ahUKEwiv1czHne-IAxUoXGwGHYeqNIIQxfQBegQIBBAC&usg=AOvVaw2wSGA7Fneed3BBRxIlFdDh
1,Kemendikbudristek Temukan 4 Kecurangan Penerima Beasiswa Pendidikan Indonesia,detikcom,"Balai Pembiayaan Pendidikan Tinggi (BPPT) Kementerian Pendidikan, Kebudayaan, Riset, dan Teknologi (Kemendikbudristek) menemukan tiga...2 hari lalu",https://www.detik.com/edu/beasiswa/d-7564848/kemendikbudristek-temukan-4-kecurangan-penerima-beasiswa-pendidikan-indonesia&sa=U&ved=2ahUKEwiv1czHne-IAxUoXGwGHYeqNIIQxfQBegQICRAC&usg=AOvVaw2SLl0zyJZ9lrDOkhnJtPxH
2,Kemendikbud Ungkap Pelanggaran Mahasiswa Penerima Beasiswa Pendidikan Indonesia,Kompas.com,Kemendikbud Ristek menungkap beragam pelanggaran yang dilakukan oleh penerima Beasiswa Pendidikan Indonesia (BPI).22 jam yang lalu,https://www.kompas.com/edu/read/2024/10/01/165258371/kemendikbud-ungkap-pelanggaran-mahasiswa-penerima-beasiswa-pendidikan&sa=U&ved=2ahUKEwiv1czHne-IAxUoXGwGHYeqNIIQxfQBegQIBxAC&usg=AOvVaw1gtgFhpe-AXto45SNi14zi
3,Staf Khusus Nadiem Beberkan Tiga Tantangan Besar Mengelola Pendidikan Tinggi di Indonesia,Medcom.id,"Bali: Staf Khusus Mendikbudristek Bidang Kompetensi dan Manajemen, Pramoda Dei Sudarmo, menyatakan mengelola ekosistem pendidikan tinggi di...5 jam yang lalu",https://www.medcom.id/pendidikan/news-pendidikan/GbmD341N-staf-khusus-nadiem-beberkan-tiga-tantangan-besar-mengelola-pendidikan-tinggi-di-indonesia&sa=U&ved=2ahUKEwiv1czHne-IAxUoXGwGHYeqNIIQxfQBegQIAhAC&usg=AOvVaw2htM0rgJjz7AoUBCM40Ftz
4,Pemuda Didorong Berperan Aktif dalam Kebijakan Pendidikan Indonesia,Borneonews,Billy Mambrasar mengajak pemuda berperan aktif dalam kebijakan pendidikan. Temukan ide kreatif mereka untuk menciptakan pendidikan yang lebih inklusif dan...18 jam yang lalu,https://www.borneonews.co.id/berita/385694-pemuda-didorong-berperan-aktif-dalam-kebijakan-pendidikan-indonesia&sa=U&ved=2ahUKEwiv1czHne-IAxUoXGwGHYeqNIIQxfQBegQIABAC&usg=AOvVaw0Xz6UNzQAbl_BQ9yVNrJ1S
5,Wajibnya Siswa Naik Kelas Membuat Pendidikan Indonesia Mengalami Kemerosotan - kumparan.com,Kumparan,kewajiban naik kelas membuat penurunan kualitas pendidikan Indonesia. hal ini menjadi sebuah permasalahan yang harus diatasi.6 jam yang lalu,https://m.kumparan.com/ardiyah/wajibnya-siswa-naik-kelas-membuat-pendidikan-indonesia-mengalami-kemerosotan-23dUDLzgCoC&sa=U&ved=2ahUKEwiv1czHne-IAxUoXGwGHYeqNIIQxfQBegQIBhAC&usg=AOvVaw1qcUtAasfF6MRX243CS-9U
6,Cara Cucu Ki Hadjar Dewantara Mentranformasi Pendidikan Indonesia,VIVA.co.id,"HighScope Indonesia Institute hari ini resmi mengumumkan perubahan nama menjadi Redea Institute, menandai langkah strategis dalam...1 jam yang lalu",https://www.viva.co.id/edukasi/1757570-cara-cucu-ki-hadjar-dewantara-mentranformasi-pendidikan-indonesia&sa=U&ved=2ahUKEwiv1czHne-IAxUoXGwGHYeqNIIQxfQBegQIAxAC&usg=AOvVaw1WhK0lxxPs75Pcjtzzcm-v
7,Pembangunan Pendidikan Kian Berdampak dan Berada di Koridor yang Tepat,Media Indonesia,Selama 10 tahun terakhir berdasarkan data Badan Pusat Statistik BPS Indeks Pembangunan Manusia IPM Indonesia mengalami tren peningkatan dari...1 hari lalu,https://mediaindonesia.com/pendidikan/705132/pembangunan-pendidikan-kian-berdampak-dan-berada-di-koridor-yang-tepat&sa=U&ved=2ahUKEwiv1czHne-IAxUoXGwGHYeqNIIQxfQBegQIBRAC&usg=AOvVaw08u7a3-1AH106H5Of119zE
8,"Pendidikan Kunci Menuju Indonesia Emas 2045, Peningkatan IPM Jadi Prioritas",InfoPublik,"Pontianak, InfoPublik – Penjabat (Pj) Gubernur Kalimantan Barat (Kalbar), Harisson, memberikan arahan dalam agenda Diskusi Santai bersama...15 jam yang lalu",https://infopublik.id/kategori/nusantara/874592/pendidikan-kunci-menuju-indonesia-emas-2045-peningkatan-ipm-jadi-prioritas&sa=U&ved=2ahUKEwiv1czHne-IAxUoXGwGHYeqNIIQxfQBegQIARAC&usg=AOvVaw3ZNfZmmL2kLK3t6mkRQ_zk
9,"Lewat Program Beasiswa, Bayan Peduli Komitmen Dukung Kemajuan Pendidikan Indonesia",Warta Ekonomi,"Sejak diluncurkan pada April 2022, Bayan Peduli telah melakukan program-program dukungan untuk kemajuan Indonesia berdasarkan 4 Pillar...1 hari lalu",https://wartaekonomi.co.id/read545767/lewat-program-beasiswa-bayan-peduli-komitmen-dukung-kemajuan-pendidikan-indonesia&sa=U&ved=2ahUKEwiv1czHne-IAxUoXGwGHYeqNIIQxfQBegQICBAC&usg=AOvVaw3D_tLCg_O_0DgopfwTes8x
10,Pendidikan Vokasi Ambil Bagian dalam Pekan Gastronomi Prancis,Direktorat Jenderal Vokasi,"Jakarta, Ditjen Vokasi - Sebagai negara prioritas dalam kerja sama pendidikan vokasi, Prancis turut mendukung peningkatan kualitas pendidikan vokasi di...1 menit yang lalu",https://vokasi.kemdikbud.go.id/read/b/pendidikan-vokasi-ambil-bagian-dalam-pekan-gastronomi-prancis&sa=U&ved=2ahUKEwi_iOvHne-IAxU2wjgGHd8ZHOM4ChDF9AF6BAgDEAI&usg=AOvVaw3SUu1v_S_VF9kkpsoINWiJ
11,Apa yang perlu ditingkatkan dari panduan pendidikan perubahan iklim?,The Conversation,"Akhir Agustus 2024 kemarin, Kementerian Pendidikan, Kebudayaan, Riset, dan Teknologi (Kemendikbudristek) melalui Badan Standar, Kurikulum,...1 jam yang lalu",https://theconversation.com/apa-yang-perlu-ditingkatkan-dari-panduan-pendidikan-perubahan-iklim-239317&sa=U&ved=2ahUKEwi_iOvHne-IAxU2wjgGHd8ZHOM4ChDF9AF6BAgJEAI&usg=AOvVaw0yM7Fbf603l3lEoK8OCNFe
12,Sosialisasi BSI Scholarship: Mendorong Generasi Muda untuk Meraih Pendidikan Berkualitas dan Berjiwa Kepemimpinan,Universitas Teuku Umar,"MEULABOH – UTU | Universitas Teuku Umar (UTU) hari ini menjadi saksi kesuksesan acara Sosialisasi BSI Scholarship, yang diadakan di Aula Cut...52 menit yang lalu",https://utu.ac.id/berita/sosialisasi-bsi-scholarship-mendorong-generasi-muda-untuk-meraih-pendidikan-berkualitas-dan-berjiwa-kepemimpinan/&sa=U&ved=2ahUKEwi_iOvHne-IAxU2wjgGHd8ZHOM4ChDF9AF6BAgCEAI&usg=AOvVaw0PCx3o-qxxccz4fOCdOIeC
13,Dunia apresiasi transformasi pendidikan Indonesia dalam GSVI 2024,ANTARA News,"Dunia melalui Organisasi Pendidikan, Ilmu Pengetahuan, dan Kebudayaan Perserikatan Bangsa-Bangsa (UNESCO) dan Dana Anak-Anak PBB (UNICEF)...1 hari lalu",https://www.antaranews.com/berita/4368235/dunia-apresiasi-transformasi-pendidikan-indonesia-dalam-gsvi-2024&sa=U&ved=2ahUKEwi_iOvHne-IAxU2wjgGHd8ZHOM4ChDF9AF6BAgAEAI&usg=AOvVaw3NQLgaIyubIYfFFRaRO_dl
14,Daya Group dan Universitas Pendidikan Indonesia Tandatangani Nota Kesepahaman,BERITA UPI,"Daya Group dan Universitas Pendidikan Indonesia (UPI) sepakat menandatangani Nota Kesepahaman tentang Kerja Sama di bidang Pendidikan,...2 hari lalu",https://berita.upi.edu/daya-group-dan-universitas-pendidikan-indonesia-tandatangani-nota-kesepahaman/&sa=U&ved=2ahUKEwi_iOvHne-IAxU2wjgGHd8ZHOM4ChDF9AF6BAgIEAI&usg=AOvVaw3whFGua9TWJv4n6oQML15z
15,"Perayaan Hari Guru 2024 Sedunia: Sejarah, Tema, dan Ragam Perayaan",detikcom,"Sabtu, 5 Oktober 2024 merupakan peringatan hari Guru Sedunia (World Teacher's Day). Sejarahnya seperti ini.5 jam yang lalu",https://www.detik.com/edu/detikpedia/d-7567873/perayaan-hari-guru-2024-sedunia-sejarah-tema-dan-ragam-perayaan&sa=U&ved=2ahUKEwi_iOvHne-IAxU2wjgGHd8ZHOM4ChDF9AF6BAgHEAI&usg=AOvVaw03jQxIksObYdir27VYMCB3
16,"Problematika Pendidikan Berkualitas di Indonesia, Semua Aku Diuangkan - Kompasiana.com",Kompasiana.com,"Pendidikan di Indonesia selalu menjadi subjek diskusi yang tak kunjung reda. Meskipun pendidikan diakui sebagai fondasi kemajuan bangsa,...2 jam yang lalu",https://www.kompasiana.com/gitayulia0139/66fc192ec925c478d21773a2/mau-nonton-film-bolehkah-sekali-saja-kumenangis-ini-yang-harus-kamu-tahu&sa=U&ved=2ahUKEwi_iOvHne-IAxU2wjgGHd8ZHOM4ChDF9AF6BAgBEAI&usg=AOvVaw14GvOIMCBr1_vGrm5tGrdP
17,Hari Anak KAJ Ajak Generasi Muda Peduli Ketimpangan Pendidikan di Indonesia,Liputan6.com,Sekjen Keuskupan Agung Jakarta (KAJ) Pastor Adi Prasojo mengatakan masalah pendidikan di Indonesia tidak hanya cukup dicermati dari sisi...10 jam yang lalu,https://www.liputan6.com/news/read/5719820/hari-anak-kaj-ajak-generasi-muda-peduli-ketimpangan-pendidikan-di-indonesia&sa=U&ved=2ahUKEwi_iOvHne-IAxU2wjgGHd8ZHOM4ChDF9AF6BAgFEAI&usg=AOvVaw2FoIaa_8g37Av4JgT7hlIR
18,"Kemendikbudristek Temukan 4 Kecurangan Penerima Beasiswa Pendidikan Indonesia, Diberi Sanksi",Medcom.id,"Jakarta: Kementerian Pendidikan, Kebudayaa, Riset, dan Teknologi (Kemendikbudristek) menemukan empat kecurangan yang dilakukan oleh penerima...5 jam yang lalu",https://www.medcom.id/pendidikan/news-pendidikan/Wb7Q7G0K-kemendikbudristek-temukan-4-kecurangan-penerima-beasiswa-pendidikan-indonesia-diberi-sanksi&sa=U&ved=2ahUKEwi_iOvHne-IAxU2wjgGHd8ZHOM4ChDF9AF6BAgEEAI&usg=AOvVaw2TpEHuHoqLLOTDExFgJM9J
19,Praktik Baik Transformasi Pendidikan Indonesia Menjadi Pembelajaran 20 Negara dan 9 Organisasi International,PAUDPEDIA,PAUDPEDIA — Keberhasilan Indonesia melewati krisis pembelajaran dimasa Pandemi Covid-19 serta pemangku kepentingan pendidikan nasional...2 hari lalu,https://paudpedia.kemdikbud.go.id/berita/praktik-baik-transformasi-pendidikan-indonesia-menjadi-pembelajaran-20-negara-dan-9-organisasi-international%3Fdo%3DMjE0NC04MzU1YjU3Nw%3D%3D%26ix%3DMTEtYmJkNjQ3YzA%3D&sa=U&ved=2ahUKEwi_iOvHne-IAxU2wjgGHd8ZHOM4ChDF9AF6BAgGEAI&usg=AOvVaw1aLFeoab-UHNfXc9k-R-gj
20,AIPNI gelar RTA perkuat pendidikan keperawatan menuju Indonesia emas,ANTARA News,Asosiasi Pendidikan Ners Indonesia (AIPNI) menggelar Rapat Tahunan Anggota (RTA) di Surabaya dari tanggal 1 hingga 3 Oktober 2024 untuk...20 jam yang lalu,https://www.antaranews.com/berita/4369503/aipni-gelar-rta-perkuat-pendidikan-keperawatan-menuju-indonesia-emas&sa=U&ved=2ahUKEwjigqXIne-IAxXbxzgGHWgfNog4FBDF9AF6BAgAEAI&usg=AOvVaw1BlKMzF2Hpsk5Xt6lxkOIR
21,Menyala Guruku! 5 Negara Ini Tawarkan Beasiswa untuk Tenaga Pendidikan Indonesia,Medcom.id,"Jakarta: Sebagai tenaga pendidik di Indonesia, Sobat Medcom tentunya juga ingin dong mengembangkan karier dan kompetensi di luar negeri...2 jam yang lalu",https://www.medcom.id/pendidikan/news-pendidikan/yNLByAak-menyala-guruku-5-negara-ini-tawarkan-beasiswa-untuk-tenaga-pendidik-indonesia&sa=U&ved=2ahUKEwjigqXIne-IAxXbxzgGHWgfNog4FBDF9AF6BAgJEAI&usg=AOvVaw3rOmGJUGIlBgdUhEL85mFq
22,Sistem Pengelolaan Pendidikan Tinggi di Indonesia Terbesar ke-4 di Dunia,ANTARA News,"Ekosistem itu dimasukkan dalam tiga masalah besar untuk tiga level berbeda, yaitu mahasiswa, fakultas, dan institusi pendidikan.6 jam yang lalu",https://www.antaranews.com/video/4369531/indonesia-tunjukkan-transformasi-pendidikan-lewat-wadah-digital&sa=U&ved=2ahUKEwjigqXIne-IAxXbxzgGHWgfNog4FBDF9AF6BAgDEAI&usg=AOvVaw2aomZDBKOJjW6vly7wJt8i
23,Delegasi GSVI 2024 Berikan Solusi Tata Kelola Pendidikan Tinggi ke Indonesia,Medcom.id,Bali: UESCO dan UNICEF menunjuk Indonesia sebagai tuan rumah gelaran Gateways Study Visit Indonesia (GSVI) 2024.5 jam yang lalu,https://www.medcom.id/pendidikan/news-pendidikan/zNPlAEWN-sistem-pengelolaan-pendidikan-tinggi-di-indonesia-terbesar-ke-4-di-dunia&sa=U&ved=2ahUKEwjigqXIne-IAxXbxzgGHWgfNog4FBDF9AF6BAgHEAI&usg=AOvVaw18GJKaKH15R-gaNmYYZSJo
24,Transformasi Pendidikan Indonesia Melalui Konsep Merdeka Belajar,Medcom.id,Temukan bagaimana Indonesia menerapkan konsep Merdeka Belajar dari Ki Hadjar Dewantara untuk transformasi pendidikan. Dapatkan wawasan tentang peningkatan...21 jam yang lalu,https://www.medcom.id/pendidikan/news-pendidikan/8N0LYEwN-delegasi-gsvi-2024-berikan-solusi-tata-kelola-pendidikan-tinggi-ke-indonesia&sa=U&ved=2ahUKEwjigqXIne-IAxXbxzgGHWgfNog4FBDF9AF6BAgFEAI&usg=AOvVaw1Nrxihrl5lFaRS55I7vQMT
25,Indonesia Buka Ruang Diskusi Transformasi Pendidikan Sejumlah Negara,Borneonews,"KBRN, Jakarta: Indonesia akan membuka ruang diskusi untuk mendorong keberlanjutan transformasi pendidikan di sejumlah negara.2 hari lalu",https://www.borneonews.co.id/berita/385436-transformasi-pendidikan-indonesia-melalui-konsep-merdeka-belajar&sa=U&ved=2ahUKEwjigqXIne-IAxXbxzgGHWgfNog4FBDF9AF6BAgBEAI&usg=AOvVaw1YJGDbx-0TRxWWJEokk_vF
26,Transformasi Pendidikan 2025: Kesejahteraan Guru dan Dosen Menjadi Prioritas,RRI.co.id,"Pemerintah mengukuhkan komitmennya terhadap pendidikan di tahun 2025 dengan menambah anggaran sebesar Rp10,4 triliun untuk kesejahteraan...2 hari lalu",https://www.rri.co.id/nasional/1012430/indonesia-buka-ruang-diskusi-transformasi-pendidikan-sejumlah-negara&sa=U&ved=2ahUKEwjigqXIne-IAxXbxzgGHWgfNog4FBDF9AF6BAgCEAI&usg=AOvVaw0eT5jqbALzzt87CbxEDqch
27,"WINNER 2024 Perkuat Kolaborasi Indonesia-Belanda pada Bidang Pendidikan, Sains, dan Inovasi",Portal Informasi Indonesia,Jakarta - Humas BRIN. Gelaran Week of Indonesia-Netherlands Education and Research (WINNER) telah mencapai kali kelima di tahun 2024.1 hari lalu,https://indonesia.go.id/kategori/editorial/8652/transformasi-pendidikan-2025-kesejahteraan-guru-dan-dosen-menjadi-prioritas%3Flang%3D1&sa=U&ved=2ahUKEwjigqXIne-IAxXbxzgGHWgfNog4FBDF9AF6BAgGEAI&usg=AOvVaw0IYZzIbhwHb_Tg_5_nYv7S
28,"Ini Latar Belakang Pendidikan Arini Subianto, Sosok Janda Terkaya Indonesia Berharta Rp20 Triliun",Badan Riset dan Inovasi Nasional,Latar belakang pendidikan Arini Subianto sosok janda terkaya Indonesia berharta Rp20 Triliun - Sekolah - Okezone Edukasi.8 jam yang lalu,https://www.brin.go.id/news/120885/winner-2024-perkuat-kolaborasi-indonesia-belanda-pada-bidang-pendidikan-sains-dan-inovasi&sa=U&ved=2ahUKEwjigqXIne-IAxXbxzgGHWgfNog4FBDF9AF6BAgIEAI&usg=AOvVaw2pC8RpQPbNra3r9BHYDPvt
29,RI siap berbagi praktik baik transformasi pendidikan lewat GSVI 2024,edukasi.okezone.com,"Indonesia siap berbagi praktik baik dalam bidang transformasi pendidikan melalui ajang Gateways Study Visit Indonesia (GSVI) 2024,...2 hari lalu",https://edukasi.okezone.com/read/2024/10/02/624/3069909/ini-latar-belakang-pendidikan-arini-subianto-sosok-janda-terkaya-indonesia-berharta-rp20-triliun&sa=U&ved=2ahUKEwjigqXIne-IAxXbxzgGHWgfNog4FBDF9AF6BAgEEAI&usg=AOvVaw0VT1VIPE8ETpAyqmqKR6Oy
30,Dunia Pendidikan Indonesia: Raffi Ahmad dan Polemik Pemberian Gelar Guru Besar,ANTARA News,"Ramai isu pemberian gelar kepada Raffi Ahmad, survei menunjukkan sebanyak 50,5% masyarakat menganggap pemberian gelar untuk non-akademisi...1 hari lalu",https://www.antaranews.com/berita/4366043/ri-siap-berbagi-praktik-baik-transformasi-pendidikan-lewat-gsvi-2024&sa=U&ved=2ahUKEwjRlMjIne-IAxWmzjgGHSZAA9o4HhDF9AF6BAgDEAI&usg=AOvVaw0yuG6zbmiCj9t5yMJdsDEq
31,Indonesia Pamerkan Transformasi Pendidikan Lewat Merdeka Belajar ke Mancanegara,GoodStats,"Indonesia memamerkan transformasi pendidikan di bawah Merdeka Belajar dalam konferensi internasional Gateways Study Visit Indonesia di Bali,...1 hari lalu",https://goodstats.id/article/raffi-ahmad-dan-polemik-pemberian-gelar-guru-besar-cR81e&sa=U&ved=2ahUKEwjRlMjIne-IAxWmzjgGHSZAA9o4HhDF9AF6BAgJEAI&usg=AOvVaw3qtYNLsM4OG2rSUuRYzByi
32,Dugaan asusila guru di Gorontalo terhadap murid perempuan – ‘Dunia pendidikan sedang darurat kekerasan seksual’,detikcom,Dugaan tindak pidana kekerasan seksual yang dilakukan seorang guru terhadap muridnya di satuan pendidikan menengah agama (madrasah) di...4 hari lalu,https://www.detik.com/edu/sekolah/d-7565568/indonesia-pamerkan-transformasi-pendidikan-lewat-merdeka-belajar-ke-mancanegara&sa=U&ved=2ahUKEwjRlMjIne-IAxWmzjgGHSZAA9o4HhDF9AF6BAgHEAI&usg=AOvVaw0BQ-Aco9a6hBcz_eK5GJ4F
33,UNICEF Sebut Indonesia Jadi Pemimpin Inisiatif Pendidikan Digital,BBC,Pendidikan digital di Indonesia dinilai telah mencapai skala yang sangat baik sebab terjadi secara luas dan berpengaruh.1 hari lalu,https://www.bbc.com/indonesia/articles/c4g5evj18nwo&sa=U&ved=2ahUKEwjRlMjIne-IAxWmzjgGHSZAA9o4HhDF9AF6BAgCEAI&usg=AOvVaw2Q8lxhkr6Xh6bBgKVUnVYr
34,Indonesia Memasuki Paradigma Integralisasi Teknologi dalam Pengembangan Sistem Pendidikan,Medcom.id,"Bali: Dirjen Pendidikan Anak Usia Dini, Pendidikan Dasar, dan Pendidikan Menengah (PAUD Dikdasmen) Kemendikbudristek, Iwan Syahril,...1 hari lalu",https://www.medcom.id/pendidikan/news-pendidikan/9K5eG1nK-unicef-sebut-indonesia-jadi-pemimpin-inisiatif-pendidikan-digital&sa=U&ved=2ahUKEwjRlMjIne-IAxWmzjgGHSZAA9o4HhDF9AF6BAgBEAI&usg=AOvVaw3TqFRquEOsKa_U8NWKT2EZ
35,Indonesia Bakal Bagikan Kunci Transformasi Pendidikan ke-20 Negara di GSVI 2024,Medcom.id,"Iwan menjelaskan dalam lima tahun terakhir, Indonesia telah mengembangkan berbagai platform dalam ekosistem pendidikan di bawah...2 hari lalu",https://www.medcom.id/pendidikan/news-pendidikan/8kozRxMb-indonesia-memasuki-paradigma-integralisasi-teknologi-dalam-pengembangan-sistem-pendidikan&sa=U&ved=2ahUKEwjRlMjIne-IAxWmzjgGHSZAA9o4HhDF9AF6BAgAEAI&usg=AOvVaw3wq8KcnOzGYHpvwwuJ44iZ
36,UNICEF-UNESCO Tak Sabar Lihat Praktik Transformasi Digital Pendidikan Indonesia,Medcom.id,Jakarta: Sebanyak 56 perserta dari 20 negara dan 9 organisasi internasional bakal bertemu dalam gelaran Gateways Study Visit Indonesia...2 hari lalu,https://www.medcom.id/pendidikan/news-pendidikan/8kozRW3b-indonesia-bakal-bagikan-kunci-transformasi-pendidikan-ke-20-negara-di-gsvi-2024&sa=U&ved=2ahUKEwjRlMjIne-IAxWmzjgGHSZAA9o4HhDF9AF6BAgEEAI&usg=AOvVaw0QiV7YTUD1gg918_cOC8Db
37,Team Teaching STIKI Malang: Diversifikasi Proses Pembelajaran untuk Pendidikan Berstandar Internasional,Medcom.id,"Dunia pendidikan yang terus berkembang, penting bagi perguruan tinggi untuk menjalin kolaborasi dengan universitas-universitas terkemuka...2 jam yang lalu",https://www.medcom.id/pendidikan/news-pendidikan/ZkeZJeZK-unicef-unesco-tak-sabar-lihat-praktik-transformasi-digital-pendidikan-indonesia&sa=U&ved=2ahUKEwjRlMjIne-IAxWmzjgGHSZAA9o4HhDF9AF6BAgIEAI&usg=AOvVaw1NsZp5QOxvvHNhSX0kTdMC
38,"Rapat Tahunan AIPNI 2024, Membangun Pendidikan Keperawatan Menuju Indonesia Emas",TIMES Indonesia,"Surabaya, Bhirawa Asosiasi Pendidikan Ners Indonesia (AIPNI) menyelenggarakan kegiatan Rapat Tahunan Anggota di Hotel Shangri-la, Surabaya.18 jam yang lalu",https://timesindonesia.co.id/indonesia-positif/512640/team-teaching-stiki-malang-diversifikasi-proses-pembelajaran-untuk-pendidikan-berstandar-internasional&sa=U&ved=2ahUKEwjRlMjIne-IAxWmzjgGHSZAA9o4HhDF9AF6BAgFEAI&usg=AOvVaw3KX3CS087xHP3kDVckUS2a
39,Kemendikbudristek Kenalkan Konsep Gotong Royong dalam Pembangunan Pendidikan Indonesia pada Delegasi di GSVI 2024,Harian Bhirawa,PT Reformasi Generasi Indonesia (REFO) menggelar Indonesia Future of Learning Summit (IFLS) 2024 dengan tujuan menciptakan masa depan...2 hari lalu,https://harianbhirawa.co.id/rapat-tahunan-aipni-2024-membangun-pendidikan-keperawatan-menuju-indonesia-emas/&sa=U&ved=2ahUKEwjRlMjIne-IAxWmzjgGHSZAA9o4HhDF9AF6BAgGEAI&usg=AOvVaw0_14V6ol30aULhOgaONWlW
40,REFO gelar IFLS ciptakan pendidikan berkualitas dengan manfaatkan AI,Medcom.id,"jatim.jpnn.com, SURABAYA - Asosiasi Pendidikan Ners Indonesia (AIPNI) menyelenggarakan Rapat Tahunan anggota selama tiga hari di Hotel...18 jam yang lalu",https://www.medcom.id/pendidikan/news-pendidikan/GNGzXRdK-kemendikbudristek-kenalkan-konsep-gotong-royong-dalam-pembangunan-pendidikan-indonesia-pada-delegasi-di-gsvi-2024&sa=U&ved=2ahUKEwiovt7Ine-IAxUVSmwGHcqCGgw4KBDF9AF6BAgFEAI&usg=AOvVaw3ocVRsvvTKuxNbWlt1s6LJ
41,Rapat AIPNI 2024 Perkuat Pendidikan Keperawatan Menuju Indonesia Emas,ANTARA News,Praktik baik Indonesia dalam mengembangkan ekosistem teknologi pendidikan di dalam payung kebijakan Merdeka Belajar menjadi materi diskusi...1 hari lalu,https://www.antaranews.com/berita/4366231/refo-gelar-ifls-ciptakan-pendidikan-berkualitas-dengan-manfaatkan-ai&sa=U&ved=2ahUKEwiovt7Ine-IAxUVSmwGHcqCGgw4KBDF9AF6BAgJEAI&usg=AOvVaw3sCiMC04HBK7aDDrE6tHyY
42,UNESCO: Transformasi Digital Pendidikan Indonesia Bisa Jadi Contoh Dunia,JPNN.com Jatim,"Kolaborasi ini sejalan dengan visi PosPay untuk mendukung generasi milenial dan Generasi Z, yang kelak akan menjadi pilar ekonomi Indonesia.1 hari lalu",https://jatim.jpnn.com/jatim-terkini/32469/rapat-aipni-2024-perkuat-pendidikan-keperawatan-menuju-indonesia-emas&sa=U&ved=2ahUKEwiovt7Ine-IAxUVSmwGHcqCGgw4KBDF9AF6BAgDEAI&usg=AOvVaw1hlZ4CaEPwOhSrjo31CeUj
43,PosPay Dukung Pendidikan Indonesia Lewat Kolaborasi dengan Beasiswa OSC,Media Indonesia,"Seperti diyakini oleh UNESCO dan UNICEF, kehadiran platform dan konten digital akan membuka akses lebih luas terhadap pembelajaran...2 hari lalu",https://mediaindonesia.com/humaniora/705287/unesco-transformasi-digital-pendidikan-indonesia-bisa-jadi-contoh-dunia&sa=U&ved=2ahUKEwiovt7Ine-IAxUVSmwGHcqCGgw4KBDF9AF6BAgIEAI&usg=AOvVaw21y_jSktTOFnaMc49Xojwn
44,Indonesia Siap Berbagi Kunci Transformasi Pendidikan,Medcom.id,"Pengalaman apa yang membuat Anda menjadi rindu bersekolah, atau, pengalaman apa yang membuat Anda kehilangan motivasi untuk bersekolah?17 jam yang lalu",https://www.medcom.id/pendidikan/berita-kampus/JKR54mOk-pospay-dukung-pendidikan-indonesia-lewat-kolaborasi-dengan-beasiswa-osc&sa=U&ved=2ahUKEwiovt7Ine-IAxUVSmwGHcqCGgw4KBDF9AF6BAgCEAI&usg=AOvVaw1LaXBs-r-rRWaPXbjrdNqq
45,Refleksi Mata Kuliah Filosoofi pendidikan Indonesia - Kompasiana.com,VIVA Padang,Surabaya - Asosiasi Pendidikan Ners Indonesia (AIPNI) akan menggelar Rapat Tahunan Anggota yang mengusung tema “Penguatan Pendidikan Tinggi...19 jam yang lalu,https://padang.viva.co.id/ragam-perkara/4358-indonesia-siap-berbagi-kunci-transformasi-pendidikan&sa=U&ved=2ahUKEwiovt7Ine-IAxUVSmwGHcqCGgw4KBDF9AF6BAgEEAI&usg=AOvVaw0Sfs-YD--6_Bd4Aboqa5tG
46,"Rapat Tahunan AIPNI 2024, Membangun Pendidikan Keperawatan Menuju Indonesia Emas - kumparan.com",Kompasiana.com,Artikel ini menyajikan data jumlah sekolah di Indonesia berdasarkan satuan pendidikan pada semester I tahun ajaran 2024/2025.24 jam yang lalu,https://www.kompasiana.com/pesertappg208566771/66fc1036c925c47ae975cfb2/refleksi-mata-kuliah-filosoofi-pendidikan-indonesia&sa=U&ved=2ahUKEwiovt7Ine-IAxUVSmwGHcqCGgw4KBDF9AF6BAgBEAI&usg=AOvVaw0N4OqSxfDD5H2BSOxFGss2
47,Data Jumlah Sekolah di Indonesia Menurut Satuan Pendidikan pada Semester I Tahun Ajaran 2024/2025,Kumparan,"Alumni FEUI 1984 dan Karya Salemba Empat, Gelar Tanam 4000 pohon di 40 titik Se-Nusantara. Yayasan Alumni Ekonomi Salemba 84 (YAES 84) yang...6 hari lalu",https://kumparan.com/beritabojonegoro/rapat-tahunan-aipni-2024-membangun-pendidikan-keperawatan-menuju-indonesia-emas-23dHMJ2zWeb&sa=U&ved=2ahUKEwiovt7Ine-IAxUVSmwGHcqCGgw4KBDF9AF6BAgGEAI&usg=AOvVaw28UI13wJCwiQ40YwAyFzin
48,Paguyuban KSE Universitas Pendidikan Indonesia Berperan dalam Gerakan Tanam Pohon: Lebih dari 4.000 Bubut Ditanam di 40 Titik Se-Nusantara – BERITA UPI,Data Indonesia.id,"KENDARI, EDISIINDONESIA.id – Calon Gubernur Sulawesi Tenggara (Sultra) Andi Sumangerukka (ASR) dan Hugua untuk pemilihan tahun 2024,...6 jam yang lalu",https://dataindonesia.id/pendidikan/detail/data-jumlah-sekolah-di-indonesia-menurut-satuan-pendidikan-pada-semester-i-tahun-ajaran-20242025&sa=U&ved=2ahUKEwiovt7Ine-IAxUVSmwGHcqCGgw4KBDF9AF6BAgAEAI&usg=AOvVaw0qGMJ4Uo9yGMn-NYPAVoTE
49,Agenda Pendidikan ASR-Hugua untuk Sultra,BERITA UPI,Anggaran pendidikan masih menjadi polemik di Indonesia. Sejumlah pakar pendidikan mempersoalkan distribusinya dan menolak usulan Menteri...3 minggu lalu,https://berita.upi.edu/paguyuban-kse-universitas-pendidikan-indonesia-berperan-dalam-gerakan-tanam-pohon-lebih-dari-4-000-bubut-ditanam-di-40-titik-se-nusantara/&sa=U&ved=2ahUKEwiovt7Ine-IAxUVSmwGHcqCGgw4KBDF9AF6BAgHEAI&usg=AOvVaw1S9pBVNBGAvXltbD0SEWgC
50,"Pengamat: Anggaran Pendidikan Menurun, Indonesia Emas 2045 Sulit Tercapai",Edisi Indonesia,Maksud dari kegiatan ini adalah untuk memberikan bekal kepada teman-teman dosen maupun tenaga kependidikan Universitas Pendidikan Indonesia...1 hari lalu,https://edisiindonesia.id/2024/10/02/agenda-pendidikan-asr-hugua-untuk-sultra/&sa=U&ved=2ahUKEwjPlvXIne-IAxXicGwGHV42IwY4MhDF9AF6BAgDEAI&usg=AOvVaw3KNkdNUygsbQUFz17A90DW
51,FKPP UPI Gelar Acara Pembekalan Pra Purna Bakti UPI (Dosen & Tendik) Th. 2024/2025,VOA Indonesia,"Surabaya, VIVA Jatim – Asosiasi Pendidikan Ners Indonesia (AIPNI) menggelar Rapat Tahunan Anggota (RTA) di Hotel Shangri-La, Surabaya,...18 jam yang lalu",https://www.voaindonesia.com/a/pengamat-anggaran-pendidikan-menurun-indonesia-emas-2045-sulit-tercapai/7777021.html&sa=U&ved=2ahUKEwjPlvXIne-IAxXicGwGHV42IwY4MhDF9AF6BAgJEAI&usg=AOvVaw3Z9hIPYGziISStAeW2i6nj
52,AIPNI Perkuat Pendidikan Keperawatan untuk Indonesia Emas,BERITA UPI,JawaPos.com - Merek kerajinan tangan Stroberi Accessories menjalin kolaborasi dengan NYATA Foundation untuk mendukung pendidikan di 25...1 hari lalu,https://berita.upi.edu/fkpp-upi-gelar-acara-pembekalan-pra-purna-bakti-upi-dosen-tendik-th-2024-2025/&sa=U&ved=2ahUKEwjPlvXIne-IAxXicGwGHV42IwY4MhDF9AF6BAgEEAI&usg=AOvVaw08m4mIVtRfYtfk0Q1frJR0
53,Kolaborasi dengan NYATA Foundation untuk Dukung Pendidikan di Pedalaman Indonesia - Jawa Pos,VIVA Jatim,"Kampung Nusantara di Pangandaran, miniatur Indonesia, didirikan oleh Ai Nurhidayat untuk mendukung pendidikan multikultural dan memperkuat...4 hari lalu",https://jatim.viva.co.id/kabar/15124-aipni-perkuat-pendidikan-keperawatan-untuk-indonesia-emas&sa=U&ved=2ahUKEwjPlvXIne-IAxXicGwGHV42IwY4MhDF9AF6BAgFEAI&usg=AOvVaw396YPGhX6xfdvuPOKCe1wE
54,Mengenalkan Keberagaman Indonesia Lewat Pendidikan di Pangandaran,Jawa Pos,"Jakarta, 27/09/2024, Kemenkeu - Kepala Pusat Kebijakan Anggaran Pendapatan dan Belanja Negara (APBN) Badan Kebijakan Fiskal Kementerian...5 hari lalu",https://www.jawapos.com/berita-sekitar-anda/015144870/kolaborasi-dengan-nyata-foundation-untuk-dukung-pendidikan-di-pedalaman-indonesia&sa=U&ved=2ahUKEwjPlvXIne-IAxXicGwGHV42IwY4MhDF9AF6BAgIEAI&usg=AOvVaw0STTeOdZKrB1DR_W1bIryi
55,"Satu Dekade Terakhir, APBN Dorong Peningkatan Pemerataan Pendidikan dan Infrastruktur Tol",detikcom,"INDOBALINEWS–Praktik baik Indonesia dalam mengembangkan ekosistem teknologi pendidikan akan menjadi materi, yang dibahas, dalam diskusi...2 hari lalu",https://www.detik.com/jabar/berita/d-7560547/mengenalkan-keberagaman-indonesia-lewat-pendidikan-di-pangandaran&sa=U&ved=2ahUKEwjPlvXIne-IAxXicGwGHV42IwY4MhDF9AF6BAgGEAI&usg=AOvVaw2btlF_Oputrwen2uXf3i3L
56,"Tuan Rumah GSVI 2024, Indonesia Siap Berbagi Kunci Transformasi Pendidikan - Indo Bali News",Kementerian Keuangan,"Surabaya, Bhirawa Gateways Study Visit Indonesia (GSVI) 2024 yang mempertemukan Indonesia dengan 56 peserta dari 20 negara dan sembilan...1 hari lalu",https://www.kemenkeu.go.id/informasi-publik/publikasi/berita-utama/APBN-untuk-Pendidikan&sa=U&ved=2ahUKEwjPlvXIne-IAxXicGwGHV42IwY4MhDF9AF6BAgBEAI&usg=AOvVaw2vb-7wPKh25kJ49wuIKIfz
57,"Jelang Gateways Study Visit, Indonesia Siap Berbagi Kunci Transformasi Pendidikan",Indo Bali News,PT Bank Syariah Indonesia Tbk (BSI) konsisten dalam mendorong pencapaian Sustainable Development Goals (SDGs) yaitu peningkatan kehidupan.3 hari lalu,https://indobalinews.pikiran-rakyat.com/nasional/pr-888617135/tuan-rumah-gsvi-2024-indonesia-siap-berbagi-kunci-transformasi-pendidikan%3Fpage%3Dall&sa=U&ved=2ahUKEwjPlvXIne-IAxXicGwGHV42IwY4MhDF9AF6BAgCEAI&usg=AOvVaw3WdqLoa6FVLid3NwmIqZFS
58,PT Bank Syariah Indonesia Tbk Dukung Peningkatan Pendidikan di Sumatera Barat Lewat Beasiswa - Padek Jawapos,Harian Bhirawa,"Universitas Pendidikan Indonesia (UPI) kembali mengukir prestasi di kancah internasional. Dwi Fitria Al Husaeni, yang akrab disapa Dwi,...1 minggu lalu",https://harianbhirawa.co.id/jelang-gateways-study-visit-indonesia-siap-berbagi-kunci-transformasi-pendidikan/&sa=U&ved=2ahUKEwjPlvXIne-IAxXicGwGHV42IwY4MhDF9AF6BAgAEAI&usg=AOvVaw2DMZ_xgDh5Ld2EFCmZ2h8V
59,"Mahasiswi Universitas Pendidikan Indonesia, Dwi Fitria Al Husaeni, Masuk Daftar 2% Ilmuwan Paling Berpengaruh di Dunia – BERITA UPI",Padang Ekspres,Fenomena guru yang pilah-pilih tempat mengajar acapkali dilakukan. Mayoritas guru kebanyakan mengajar di daerah perkotaan sementara sangat...1 bulan lalu,https://padek.jawapos.com/padang/2365140524/pt-bank-syariah-indonesia-tbk-dukung-peningkatan-pendidikan-di-sumatera-barat-lewat-beasiswa&sa=U&ved=2ahUKEwjPlvXIne-IAxXicGwGHV42IwY4MhDF9AF6BAgHEAI&usg=AOvVaw2yoeRI4aeHTtqKEah1R56-
60,Pendidikan di Wilayah Terpencil: Tantangan Pemerintah dalam Pemerataan Pendidikan di Indonesia,BERITA UPI,"METROBATAM.COM, BATAM – Demi mendorong peningkatan Mutu Pendidikan di Kota Batam. Pjs Wali Kota Batam, Andi Agung, Melakukan Kunjungan ke...21 jam yang lalu",https://berita.upi.edu/mahasiswi-universitas-pendidikan-indonesia-dwi-fitria-al-husaeni-masuk-daftar-2-ilmuwan-paling-berpengaruh-di-dunia/&sa=U&ved=2ahUKEwih34_Jne-IAxXObWwGHe07M1w4PBDF9AF6BAgAEAI&usg=AOvVaw3-00CG476gWZrKxOIVfosL
61,Pjs Wali Kota Batam Dorong Peningkatan Mutu Pendidikan Menuju Indonesia Emas 2045,Kementerian Sekretariat Negara,"Indonesia adalah negara dengan populasi terbanyak keempat, dengan sekitar 279.390.258 orang pada 2024, meningkat sebesar 0,82% dari...17 jam yang lalu",https://www.setneg.go.id/baca/index/pendidikan_di_wilayah_terpencil_tantangan_pemerintah_dalam_pemerataan_pendidikan_di_indonesia_1&sa=U&ved=2ahUKEwih34_Jne-IAxXObWwGHe07M1w4PBDF9AF6BAgJEAI&usg=AOvVaw0Thm8pPUgVWFNo9XWZRK8l
62,Revitalisasi Pendidikan untuk Menjawab Tantangan Deindustrialisasi menuju Indonesia Tanpa Kesenjaangan - Kompasiana.com,Metrobatam.com,Program Indonesia Pintar (PIP) telah dilaksanakan pemerintah selama hampir 10 tahun.1 minggu lalu,https://www.metrobatam.com/2024/10/pjs-wali-kota-batam-dorong-peningkatan-mutu-pendidikan-menuju-indonesia-emas-2045/&sa=U&ved=2ahUKEwih34_Jne-IAxXObWwGHe07M1w4PBDF9AF6BAgBEAI&usg=AOvVaw1NY4dFll5rHyXVa2iwJT8r
63,Peningkatan Pendidikan Indonesia Lewat Program Indonesia Pintar (PIP),Kompasiana.com,"Bali, IDN Times - Direktur Jenderal Pendidikan Anak Usia Dini, Pendidikan Dasar, dan Pendidikan Menengah (PAUD Dikdasmen) Kemendikbudristek,...1 hari lalu",https://www.kompasiana.com/revalayuniar/66fc0908c925c4111d240e42/revitalisasi-pendidikan-untuk-menjawab-tantangan-deindustrialisasi-menuju-indonesia-tanpa-kesenjaangan&sa=U&ved=2ahUKEwih34_Jne-IAxXObWwGHe07M1w4PBDF9AF6BAgEEAI&usg=AOvVaw2_JqHb0m70Z1VFoMuntx8B
64,Indonesia Kenalkan Semangat Gotong Royong Pendidikan Digital,Indonesia Baik,Suara.com - PT Reformasi Generasi Indonesia (REFO) menggelar Indonesia Future of Learning Summit (IFLS) 2024. Menghadirkan tujuh pembicara...5 hari lalu,https://indonesiabaik.id/infografis/peningkatan-pendidikan-indonesia-lewat-program-indonesia-pintar-pip&sa=U&ved=2ahUKEwih34_Jne-IAxXObWwGHe07M1w4PBDF9AF6BAgDEAI&usg=AOvVaw3Vf4uYFVpntsSGZMsG1OsT
65,AI dalam Pendidikan Indonesia: Potensi Besar yang Belum Tergarap,IDN Times,Gerakan UI Mengajar pendidikan dasar di tengah ketimpangan daerah GUIM 14 secara resmi dibuka - Kampus - Okezone Edukasi.2 hari lalu,https://www.idntimes.com/news/indonesia/lia-hutasoit-1/indonesia-kenalkan-semangat-gotong-royong-di-pendidikan-digital&sa=U&ved=2ahUKEwih34_Jne-IAxXObWwGHe07M1w4PBDF9AF6BAgHEAI&usg=AOvVaw2TLya4M3BtFFCJYzvAav4l
66,"UI Mengajar, Mahasiswa Ajarkan Pendidikan Dasar di Daerah-Daerah Indonesia",Suara.com,Jusuf Kalla meminta pemerintah ke depan untuk mengembalikan sistem pendidikan Indonesia sesuai dengan kapasitas negara.3 minggu lalu,https://www.suara.com/bisnis/2024/09/27/115448/ai-dalam-pendidikan-indonesia-potensi-besar-yang-belum-tergarap&sa=U&ved=2ahUKEwih34_Jne-IAxXObWwGHe07M1w4PBDF9AF6BAgIEAI&usg=AOvVaw3f1PHREUx2xYua6loYYobu
67,"JK Ingatkan Soal Pendidikan, RI Jangan Tiru Finlandia & Singapura!",Okezone Edukasi,Kelas finansial ini bertujuan meningkatkan literasi dan edukasi keuangan ibu tunggal.1 hari lalu,https://edukasi.okezone.com/read/2024/09/30/65/3069290/ui-mengajar-mahasiswa-ajarkan-pendidikan-dasar-di-daerah-daerah-indonesia&sa=U&ved=2ahUKEwih34_Jne-IAxXObWwGHe07M1w4PBDF9AF6BAgGEAI&usg=AOvVaw0TO7ZZPXBfqnTckACdXoHK
68,Tips siapkan dana pendidikan anak ala Jenius dan Single Moms Indonesia,CNBC Indonesia,"Windhoek, Namibia - KBRI Windhoek telah sukses menyelenggarakan pagelaran budaya bertajuk Harmony of Nusantara: Colours of Indonesia di...3 hari lalu",https://www.cnbcindonesia.com/news/20240909065536-4-570154/jk-ingatkan-soal-pendidikan-ri-jangan-tiru-finlandia-singapura&sa=U&ved=2ahUKEwih34_Jne-IAxXObWwGHe07M1w4PBDF9AF6BAgCEAI&usg=AOvVaw3QlwctdrcTXSzDXwm-_Jo8
69,Kedutaan Besar Republik Indonesia Di Windhoek Sukses Menyelenggarakan Pagelaran Budaya Harmony Of Nusantara Colours Of Indonesia | Portal Kementerian Luar Negeri Republik Indonesia,indotelko.com,1. Kekerasan masih menjadi budaya. Pendidikan di Indonesia belum memerdekakan sivitas akademika dari kekerasan. Kekerasan terus terjadi di...4 bulan lalu,https://www.indotelko.com/read/1727702395/tips-siapkan-dana-pendidikan-anak-ala-jenius-dan-single-moms-indonesia&sa=U&ved=2ahUKEwih34_Jne-IAxXObWwGHe07M1w4PBDF9AF6BAgFEAI&usg=AOvVaw30wkAgT5gj4ly7Ab0hcmGM
70,3 alasan pendidikan di Indonesia belum berhasil memerdekakan manusia,Kemlu,Wali Kota Makassar Moh Ramdhan Pomanto menaruh harapan besar kepada Forum Dewan Pendidikan Indonesia untuk membangun pendidikan yang lebih...3 minggu lalu,https://kemlu.go.id/portal/id/read/6315/berita/kedutaan-besar-republik-indonesia-di-windhoek-sukses-menyelenggarakan-pagelaran-budaya-harmony-of-nusantara-colours-of-indonesia&sa=U&ved=2ahUKEwiwpqXJne-IAxUvzjgGHQmvO-A4RhDF9AF6BAgIEAI&usg=AOvVaw1ZRlybVeeG13LJrIhwmUEL
71,Danny Pomanto Sebut Dewan Pendidikan Punya Peran Penting Ciptakan Generasi Indonesia yang Unggul,The Conversation,"JATENG.AKURAT.CO, Dalam beberapa tahun terakhir, dunia pendidikan Indonesia telah mengalami transformasi signifikan melalui penerapan...3 hari lalu",https://theconversation.com/3-alasan-pendidikan-di-indonesia-belum-berhasil-memerdekakan-manusia-230101&sa=U&ved=2ahUKEwiwpqXJne-IAxUvzjgGHQmvO-A4RhDF9AF6BAgJEAI&usg=AOvVaw0NUyzsww7N6ztUkr1cqmt7
72,"Pendidikan Vibes! Kurikulum Merdeka, Paradigma Baru Pendidikan Indonesia untuk Membangun Generasi Berpikir Kritis dan Kreatif - Akurat Jateng",Kota Makassar,"DIREKTUR Jenderal Pendidikan Anak Usia Dini, Pendidikan Dasar, dan Pendidikan Menengah Iwan Syahril memaparkan bahwa kehadiran teknologi...24 jam yang lalu",https://makassarkota.go.id/danny-pomanto-sebut-dewan-pendidikan-punya-peran-penting-ciptakan-generasi-indonesia-yang-unggul/&sa=U&ved=2ahUKEwiwpqXJne-IAxUvzjgGHQmvO-A4RhDF9AF6BAgCEAI&usg=AOvVaw35Zs0GLFHaz-4erSVlPyMs
73,Kemendikbud-Ristek Beberkan Kisah Sukses Merdeka Belajar di Forum Gateways Study Visit,Akurat Jateng,"Beasiswa tersebut, diberikan di lima desa di Kabupaten Sukabumi, diantaranya Desa Kebonmanggu, Sirnaresmi, Tanjungsari, Wangunreja,...2 hari lalu",https://jateng.akurat.co/edukasi/1335139348/pendidikan-vibes-kurikulum-merdeka-paradigma-baru-pendidikan-indonesia-untuk-membangun-generasi-berpikir-kritis-dan-kreatif&sa=U&ved=2ahUKEwiwpqXJne-IAxUvzjgGHQmvO-A4RhDF9AF6BAgDEAI&usg=AOvVaw1DuGO3kxlt5JfU0YrYPPNm
74,Indonesia Emas. Semen Jawa Berikan Ratusan Beasiswa Pendidikan di Lima Desa di Kabupaten Sukabumi,Media Indonesia,Kolaborasiglobal menjadi fokus utama dalam orientasi mahasiswa S3 Batch Ke-2 yang diselenggarakan oleh Universitas Muhammadiyah Malaysia...1 hari lalu,https://mediaindonesia.com/humaniora/705371/kemendikbud-ristek-beberkan-kisah-sukses-merdeka-belajar-di-forum-gateways-study-visit&sa=U&ved=2ahUKEwiwpqXJne-IAxUvzjgGHQmvO-A4RhDF9AF6BAgEEAI&usg=AOvVaw3tIHOX7KywxOHYT0FgEfE0
75,Kolaborasi Global Kunci Penting untuk Dunia Pendidikan,Tribunjabar.id,Pos sebelumnya Untirta Lakukan 'Test Food' dan Wawancara Tenant Kantin Kampus Sindangsari · Pos berikutnya Kepala UPA Perpustakaan Untirta...2 minggu lalu,https://jabar.tribunnews.com/2024/09/29/indonesia-emas-semen-jawa-berikan-ratusan-beasiswa-pendidikan-di-lima-desa-di-kabupaten-sukabumi&sa=U&ved=2ahUKEwiwpqXJne-IAxUvzjgGHQmvO-A4RhDF9AF6BAgFEAI&usg=AOvVaw1huEy-4jnwaIdK59tJT37E
76,Pemerataan Pendidikan di Indonesia (Indonesia Sentris) – Versi Untirta,Media Indonesia,Transformasi pendidikan di Indonesia melalui adopsi teknologi dan kebijakan yang mendukung keberlanjutan proses ini menjadi perhatian utama.1 hari lalu,https://mediaindonesia.com/humaniora/705204/kolaborasi-global-kunci-penting-untuk-dunia-pendidikan&sa=U&ved=2ahUKEwiwpqXJne-IAxUvzjgGHQmvO-A4RhDF9AF6BAgGEAI&usg=AOvVaw0ZA-2SJwRyxmF2UA8ZcJNP
77,RI Berbagi Praktik Transformasi Pendidikan,Universitas Sultan Ageng Tirtayasa,"JAKARTA (Lensametro.com) — Dalam rangka meningkatkan kualitas layanan farmasi di seluruh Indonesia, Persatuan Ahli Farmasi Indonesia (PAFI)...1 hari lalu",https://untirta.ac.id/2024/09/19/pemerataan-pendidikan-di-indonesia-indonesia-sentris-versi-untirta/&sa=U&ved=2ahUKEwiwpqXJne-IAxUvzjgGHQmvO-A4RhDF9AF6BAgHEAI&usg=AOvVaw3qvR7b5r1bx-WiX579OCqR
78,PAFI Indonesia Tingkatkan Kualitas Layanan Farmasi Melalui Pendidikan dan Sertifikasi Berkelanjutan,IDN Times,"UNDANGAN. Kami mengundang Bapak/Ibu untuk berpartisipasi dalam The 45th Strategic Talks yang akan mengangkat tema: ""Pendidikan Inklusif...3 minggu lalu",https://www.idntimes.com/news/indonesia/lia-hutasoit-1/ri-berbagi-praktik-transformasi-pendidikan-lewat-gateways-study-visit&sa=U&ved=2ahUKEwiwpqXJne-IAxUvzjgGHQmvO-A4RhDF9AF6BAgBEAI&usg=AOvVaw0sn5sWjfIarqufV-cIZaS1
79,Yuk Ikuti! Zoom dan Youtube Live Pendidikan Inklusif Untuk Wujudkan Indonesia Maju 2045,Lensametro.com,"Dewan Pendidikan Kabupaten/Kota se-Indonesia kembali menyelenggarakan Rakornas ke-3 di Kota Makassar, selama tiga hari, Rabu-Jumat 11-13...3 minggu lalu",https://lensametro.com/pafi-indonesia-tingkatkan-kualitas-layanan-farmasi-melalui-pendidikan-dan-sertifikasi-berkelanjutan/&sa=U&ved=2ahUKEwiwpqXJne-IAxUvzjgGHQmvO-A4RhDF9AF6BAgAEAI&usg=AOvVaw06YZh5xJlVyyEXhmT3eNYi
80,"Percepat Kemajuan Pendidikan di Indonesia, Dewan Pendidikan Laksanakan Rakornas ke-3",Disdik Purwakarta,"Jakarta, CNBC Indonesia - Wardah kembali menghadirkan Wardah Inspiring Teacher (WIT) 2024, sebuah program yang didedikasikan untuk...1 minggu lalu",http://disdik.purwakartakab.go.id/berita/detail/yuk-ikuti-zoom-dan-youtube-live-pendidikan-inklusif--untuk-wujudkan-indonesia-maju-2045%3F/berita/detail/yuk-ikuti-zoom-dan-youtube-live-pendidikan-inklusif--untuk-wujudkan-indonesia-maju-2045&sa=U&ved=2ahUKEwin777Jne-IAxVcz6ACHdaFO6o4UBDF9AF6BAgHEAI&usg=AOvVaw36sEPRw-3NpGBHt5ksITb1
81,Wardah Inspiring Teacher 2024 Dukung Kemajuan Pendidikan Indonesia,Depok.go.id,Universitas Pendidikan Indonesia (UPI) dan Pemerintah Kabupaten Serang sepakat melakukan Kesepakatan Bersama tentang Kerja Sama di bidang...2 minggu lalu,https://berita.depok.go.id/percepat-kemajuan-pendidikan-di-indonesia-dewan-pendidikan-laksanakan-rakornas-ke-3&sa=U&ved=2ahUKEwin777Jne-IAxVcz6ACHdaFO6o4UBDF9AF6BAgJEAI&usg=AOvVaw2TxTz1UNH0cT7X6Z4p6CqG
82,Universitas Pendidikan Indonesia dan Pemerintah Kabupaten Serang Sepakat Menandatangani MoU tentang Tridharma Perguruan Tinggi – BERITA UPI,CNBC Indonesia,"Banyuwangi, seblang.com – Hari ini seluruh instansi di Indonesia melaksanakan Upacara Hari Kesaktian Pancasila termasuk SMKN 1 Tegalsari...1 hari lalu",https://www.cnbcindonesia.com/lifestyle/20240923081243-33-573717/wardah-inspiring-teacher-2024-dukung-kemajuan-pendidikan-indonesia&sa=U&ved=2ahUKEwin777Jne-IAxVcz6ACHdaFO6o4UBDF9AF6BAgEEAI&usg=AOvVaw3MlhsEn29_P36R88S4Hi1R
83,Hari Kesaktian Pancasila di SMKN Tegalsari Banyuwangi: Pendidikan Menuju Indonesia Emas,BERITA UPI,"Kementerian Pendidikan, Kebudayaan, Riset dan Teknologi (Kemendikbudristek) mengatakan kolaborasi dan sinergi antar-pihak berhasil...4 hari lalu",https://berita.upi.edu/universitas-pendidikan-indonesia-dan-pemerintah-kabupaten-serang-sepakat-menandatangani-mou-tentang-tridharma-perguruan-tinggi/&sa=U&ved=2ahUKEwin777Jne-IAxVcz6ACHdaFO6o4UBDF9AF6BAgBEAI&usg=AOvVaw2N__0cdMQd6BSAAjCb43TM
84,Kemendikbud: Kolaborasi sukses turunkan angka buta aksara Indonesia,Seblang.com,"Jakarta, VIVA – PT Reformasi Generasi Indonesia (REFO) menggelar Indonesia Future of Learning Summit (IFLS) 2024 di Jakarta.4 hari lalu",https://seblang.com/2024/10/01/hari-kesaktian-pancasila-di-smkn-tegalsari-banyuwangi-pendidikan-menuju-indonesia-emas/&sa=U&ved=2ahUKEwin777Jne-IAxVcz6ACHdaFO6o4UBDF9AF6BAgFEAI&usg=AOvVaw3JrZK-dBSDgHbvKgxRogaV
85,Para Pakar dan Praktisi Teknologi Kumpul Bahas Peran AI Genjot Pendidikan di Indonesia,ANTARA News,Wacana mengenai penerapan 'student loan' (pinjaman pendidikan) di Indonesia semakin santer terdengar dalam beberapa tahun terakhir.1 minggu lalu,https://www.antaranews.com/berita/4362347/kemendikbud-kolaborasi-sukses-turunkan-angka-buta-aksara-indonesia&sa=U&ved=2ahUKEwin777Jne-IAxVcz6ACHdaFO6o4UBDF9AF6BAgIEAI&usg=AOvVaw2AKdQ6CTEzupoDff1MMzuy
86,Mengapa ‘student loan’ berpotensi memperburuk ketidakadilan dalam sistem pendidikan Indonesia,VIVA.co.id,Daerah pedalaman harus diperilakukan lebih khusus dibandingkan daerah perkotaan karena sering kali pemerintah lupa dengan pendidikan...2 hari lalu,https://www.viva.co.id/edukasi/1756241-para-pakar-dan-praktisi-teknologi-kumpul-bahas-peran-ai-genjot-pendidikan-di-indonesia&sa=U&ved=2ahUKEwin777Jne-IAxVcz6ACHdaFO6o4UBDF9AF6BAgAEAI&usg=AOvVaw2xu6S7a2qN44R3S1ISrNrg
87,Analisis Pendidikan Anak Indonesia di Daerah Pedalaman - Kompasiana.com,The Conversation,Indosiber.id – Jakarta – Ir.Agung Karang Sebagai Ketua Umum Gerakan Pendidikan Indonesia Baru (GPIB) diundang menjadi nara sumber pada...1 hari lalu,https://theconversation.com/mengapa-student-loan-berpotensi-memperburuk-ketidakadilan-dalam-sistem-pendidikan-indonesia-239319&sa=U&ved=2ahUKEwin777Jne-IAxVcz6ACHdaFO6o4UBDF9AF6BAgGEAI&usg=AOvVaw2_oC0q4VmSokQ7-Mh127H5
88,Ketua Umum Gerakan Pendidikan Indonesia Baru (GPIB) Ir.Agung Karang Menjadi NARA SUMBER Podcast BUDAYA,Kompasiana.com,Menurut sosok yang kerap disapa Bu Wahya itu kurikulum pendidikan yang sudah ada lebih baik dilanjutkan oleh Menteri Pendidikan yang baru.4 hari lalu,https://www.kompasiana.com/irenaprilia4349/66f92a79ed641553b76420c2/analisis-pendidikan-anak-di-indonesia-di-daerah-pedalaman&sa=U&ved=2ahUKEwin777Jne-IAxVcz6ACHdaFO6o4UBDF9AF6BAgCEAI&usg=AOvVaw1ISBAb1kdqtx12bxvGIe2T
89,Sri Wahyaningsih Resah Menteri Pendidikan Baru Kerap Tak Lanjutkan Kurikulum Sebelumnya,Indosiber,"Munculnya Gen z di dunia kerja sebagai agen perubahan, khususnya pada bidang pendidikan.3 hari lalu",https://indosiber.id/2024/10/01/ketua-umum-gerakan-pendidikan-indonesia-baru-gpib-ir-agung-karang-menjadi-nara-sumber-podcast-budaya/&sa=U&ved=2ahUKEwin777Jne-IAxVcz6ACHdaFO6o4UBDF9AF6BAgDEAI&usg=AOvVaw1WlN_vnHl4uvFTo9vbOhaz
90,Bagaimana Peran Guru Gen Z dalam Membentuk Masa Depan Pendidikan Indonesia? - Kompasiana.com,Good News From Indonesia,Dialog Publik INOVOKASIA 2024: PTV DIY perkuat peran pendidikan vokasi untuk menghasilkan lulusan siap kerja dan mendukung Indonesia Emas...3 minggu lalu,https://www.goodnewsfromindonesia.id/2024/09/27/sri-wahyaningsih-resah-menteri-pendidikan-baru-kerap-tak-lanjutkan-kurikulum-sebelumnya&sa=U&ved=2ahUKEwj78NjJne-IAxUKR2cHHYKOEi04WhDF9AF6BAgBEAI&usg=AOvVaw2S0u5zr_ptw8b_flGVmSsu
91,Dialog Publik: Peranan Penting Pendidikan Vokasi dalam Mendukung Indonesia Emas 2045,Kompasiana.com,Universitas Gadjah Mada ikut berpartisipasi dalam sesi pameran High Level Forum on Multi Stakeholder Partnership (HLF MSP) Indonesia 2024...2 minggu lalu,https://www.kompasiana.com/zuhdafahmiyah8347/66f8f026c925c47e171d82f2/bagaimana-peran-guru-gen-z-dalam-membentuk-masa-depan-pendidikan-indonesia&sa=U&ved=2ahUKEwj78NjJne-IAxUKR2cHHYKOEi04WhDF9AF6BAgJEAI&usg=AOvVaw2hj5WyQLrVkUhUa4oMIwfd
92,UGM Berpartisipasi di Ajang Pameran Pendidikan HLF MSP Indonesia 2024,Universitas Gadjah Mada,Temukan bagaimana pendidikan sejarah dapat membentuk jati diri bangsa Indonesia. Pelajari pentingnya penanaman nilai sejarah untuk membangun karakter...6 hari lalu,https://sv.ugm.ac.id/2024/09/13/dialog-publik-peranan-penting-pendidikan-vokasi-dalam-mendukung-indonesia-emas-2045/&sa=U&ved=2ahUKEwj78NjJne-IAxUKR2cHHYKOEi04WhDF9AF6BAgCEAI&usg=AOvVaw1zkBZtkEQ04IZP8KnaFcPj
93,"Pendidikan Sejarah, Kunci Membentuk Jati Diri Bangsa Indonesia",Universitas Gadjah Mada,majunya perkembangan teknologi tentunya membawa dampak yang besar terhadap banyak hal tidak terkecuali pendidikan di Indonesia.1 hari lalu,https://ugm.ac.id/id/berita/ugm-berpartisipasi-di-ajang-pameran-pendidikan-hlf-msp-indonesia-2024/&sa=U&ved=2ahUKEwj78NjJne-IAxUKR2cHHYKOEi04WhDF9AF6BAgAEAI&usg=AOvVaw2O3A-Gc2IRJOu6PkLhZFnc
94,Menyongsong Era Teknologi: Inovasi Digital yang Mengubah Wajah Pendidikan Indonesia - Kompasiana.com,Borneonews,Komitmen pemerintah Indonesia dalam melaksanakan pendidikan inklusif tercermin dalam peningkatan jumlah sekolah inklusi dari 28.778 di tahun...1 minggu lalu,https://www.borneonews.co.id/berita/382443-pendidikan-sejarah-kunci-membentuk-jati-diri-bangsa-indonesia&sa=U&ved=2ahUKEwj78NjJne-IAxUKR2cHHYKOEi04WhDF9AF6BAgGEAI&usg=AOvVaw2tNEQzkCRQWVDZXeEZxZjV
95,"Rasa, cipta, karsa: kunci peran guru dalam pendidikan inklusif",Kompasiana.com,"Sebagai dua negara sahabat, Indonesia maupun Australia sama-sama menempatkan pentingnya pendidikan dan pengembangan kompetensi guru guna...1 minggu lalu",https://www.kompasiana.com/igustiayuagungsoniashafna5379/66fb83ac34777c172660baa2/menyongsong-era-teknologi-inovasi-digital-yang-mengubah-wajah-pendidikan-indonesia&sa=U&ved=2ahUKEwj78NjJne-IAxUKR2cHHYKOEi04WhDF9AF6BAgEEAI&usg=AOvVaw2CQhFuD-mIUS7KDADtsZuQ
96,10 Universitas Indonesia dan 5 Universitas Australia Bekerja Sama Tingkatkan Kualitas Pendidikan Guru,The Conversation,Pasangan Calon Gubernur dan Wakil Gubernur Jawa Timur No 2 Khofifah Indar Parawansa dan Emil Elestianto Dardak (Khofifah-Emil)...19 jam yang lalu,https://theconversation.com/rasa-cipta-karsa-kunci-peran-guru-dalam-pendidikan-inklusif-235042&sa=U&ved=2ahUKEwj78NjJne-IAxUKR2cHHYKOEi04WhDF9AF6BAgIEAI&usg=AOvVaw1CQQvINz2obPvyfZ7L2S-k
97,"Disambut Hangat Ulama PWNU Jatim, Khofifah-Emil Diskusi Pendidikan Keumatan Kebangsaan",Suara Surabaya,KEMENKO PMK -- Plt. Deputi Bidang Koordinasi Peningkatan Kualitas Pendidikan dan Moderasi Beragama Kementerian Koordinator Bidang...1 bulan lalu,https://www.suarasurabaya.net/kelanakota/2024/10-universitas-indonesia-dan-5-universitas-australia-bekerja-sama-tingkatkan-kualitas-pendidikan-guru/&sa=U&ved=2ahUKEwj78NjJne-IAxUKR2cHHYKOEi04WhDF9AF6BAgHEAI&usg=AOvVaw3MMaDWko4zhLkVpGIJbLf9
98,Peran Penting IPMAP dalam Pemantauan dan Intervensi Pendidikan di Indonesia,TIMES Indonesia,Kelengkapan sarana dan prasarana sekolah diyakini sangat penting untuk menunjang penyelenggaraan proses belajar mengajar di sekolah dan...1 bulan lalu,https://timesindonesia.co.id/peristiwa-daerah/512574/disambut-hangat-ulama-pwnu-jatim-khofifahemil-diskusi-pendidikan-keumatan-kebangsaan&sa=U&ved=2ahUKEwj78NjJne-IAxUKR2cHHYKOEi04WhDF9AF6BAgDEAI&usg=AOvVaw2olLcB84DFaJSbjhpoLX9n
99,Penyaluran BOS dan PIP: Tingkatkan Kualitas Pendidikan Indonesia,Kementerian Koordinator Bidang Pembangunan Manusia dan Kebudayaan,"Siaranindonesia.com – DEPOK – Calon Wali Kota Depok, Supian Suri, memberikan solusi konkret untuk mengatasi permasalahan Penerimaan Peserta...4 hari lalu",https://www.kemenkopmk.go.id/peran-penting-ipmap-dalam-pemantauan-dan-intervensi-pendidikan-di-indonesia&sa=U&ved=2ahUKEwj78NjJne-IAxUKR2cHHYKOEi04WhDF9AF6BAgFEAI&usg=AOvVaw2beTlJCYuPQSjCLoYKw65n
100,Supian Suri Siap Wujudkan Pendidikan Berkualitas untuk Semua Warga Depok,Kementerian Koordinator Bidang Pembangunan Manusia dan Kebudayaan,"Pada awal pemerintahannya, Presiden Jokowi mencanangkan Revolusi Mental untuk mendorong masyarakat agar memiliki cara berpikir yang lebih...6 hari lalu",https://www.kemenkopmk.go.id/peran-penting-ipmap-dalam-pemantauan-dan-intervensi-pendidikan-di-indonesia&sa=U&ved=2ahUKEwjIr_HJne-IAxVLzTgGHWqPJ9w4ZBDF9AF6BAgAEAI&usg=AOvVaw1opTfk-VeSWnUhaWwOEF90
101,"10 Tahun Jokowi dan Wajah Pendidikan Indonesia, KIP Kuliah Jadi Senjata Presiden yang Dinikmati 1,5 Juta Mahasiswa",Kementerian Keuangan,"Simak kunci jawaban Post Test Prinsip Pengajaran dan Asesmen (PPA) Umum 1, 2, 3 dalam PPG 2024 yang muncul di PMM.23 jam yang lalu",https://mediakeuangan.kemenkeu.go.id/article/show/penyaluran-bos-dan-pip-tingkatkan-kualitas-pendidikan-indonesia&sa=U&ved=2ahUKEwjIr_HJne-IAxVLzTgGHWqPJ9w4ZBDF9AF6BAgJEAI&usg=AOvVaw15bpCIKcPrt0DDGpPZZzn_
102,"Kunci Jawaban Post Test PPA Umum 1, 2, 3 PPG Daljab 2024: Anda adalah Guru Bahasa Indonesia",Siaran Indonesia,Sri Wahyaningsih meyakini setiap peserta didik memiliki minat yang berbeda-beda dan itu bisa dikembangkan jika standar pendidikan di...6 hari lalu,https://www.siaranindonesia.com/baca/20240928/supian-suri-siap-wujudkan-pendidikan-berkualitas-untuk-semua-warga-depok.html&sa=U&ved=2ahUKEwjIr_HJne-IAxVLzTgGHWqPJ9w4ZBDF9AF6BAgFEAI&usg=AOvVaw07FBipC0rOaoNccu8Ta_Bz
103,Sri Wahyaningsih Anggap Standar Pendidikan di Indonesia Harus Diubah: Bakat Anak Beda-beda,TvOneNews,KEMENTERIAN KOORDINATOR BIDANG PEREKONOMIAN REPUBLIK INDONESIA. SIARAN PERS HM.4.6/215/SET.M.EKON.3/06/2024. Pemerintah Tekankan Pentingnya...3 bulan lalu,https://www.tvonenews.com/ekonomi/249596-10-tahun-jokowi-dan-wajah-pendidikan-indonesia-kip-kuliah-jadi-senjata-presiden-yang-dinikmati-15-juta-mahasiswa&sa=U&ved=2ahUKEwjIr_HJne-IAxVLzTgGHWqPJ9w4ZBDF9AF6BAgCEAI&usg=AOvVaw3kz72-gPGk8iT7NNOopVTj
104,Pemerintah Tekankan Pentingnya Pendidikan dan Pelatihan Vokasi untuk Tingkatan Produktivitas dan Daya Saing SDM Indonesia,Tribunnews.com,"Liputan6.com, Jakarta - Ekonomi Berkelanjutan menjadi kunci penting dalam pembangunan suatu negara. Konsep ini menggarisbawahi pertumbuhan...1 hari lalu",https://www.tribunnews.com/pendidikan/2024/10/01/kunci-jawaban-post-test-ppa-umum-1-2-3-ppg-daljab-2024-anda-adalah-guru-bahasa-indonesia&sa=U&ved=2ahUKEwjIr_HJne-IAxVLzTgGHWqPJ9w4ZBDF9AF6BAgBEAI&usg=AOvVaw0lljvsyptSAHhPBxQd65Vg
105,Ekonomi Berkelanjutan Jadi Kunci Menuju Indonesia Emas 2045,Good News From Indonesia,Kota Makassar menjadi tuan rumah dalam agenda Rapat Kordinasi Nasional (Rakornas) ke III Forum Dewan Pendidikan Indonesia.3 minggu lalu,https://www.goodnewsfromindonesia.id/2024/09/25/sri-wahyaningsih-anggap-standar-pendidikan-di-indonesia-harus-diubah-bakat-anak-beda-beda&sa=U&ved=2ahUKEwjIr_HJne-IAxVLzTgGHWqPJ9w4ZBDF9AF6BAgDEAI&usg=AOvVaw1C1p-sDh_xo91ghlQLF7lZ
106,"Makassar Tuan Rumah, Pj Sekda Kota Makassar Buka Resmi Rakornas ke 3 Forum Dewan Pendidikan Indonesia",Kementerian Koordinator Bidang Perekonomian,Jakarta: Sejumlah kampus di luar negeri tak bisa langsung menerima lulusan SMA dari Indonesia karena ada perbedaan standar atau tes...6 hari lalu,https://www.ekon.go.id/publikasi/detail/5825/pemerintah-tekankan-pentingnya-pendidikan-dan-pelatihan-vokasi-untuk-tingkatan-produktivitas-dan-daya-saing-sdm-indonesia&sa=U&ved=2ahUKEwjIr_HJne-IAxVLzTgGHWqPJ9w4ZBDF9AF6BAgGEAI&usg=AOvVaw3x32aVytuCcuAUmO2O7Lfm
107,"Kampus Tak Bisa Langsung Terima Lulusan SMA Indonesia, Kemendikbudristek Rancang Tes Seleksi Terstandar",Liputan6.com,"Mahasiswa PPG Prajabatan Unisma Gelombang 2 Tahun 2024 memamerkan kreativitas dalam Gallery Walk Poster, mengusung tema TPB 4: Pendidikan...5 hari lalu",https://www.liputan6.com/news/read/5716630/ekonomi-berkelanjutan-jadi-kunci-menuju-indonesia-emas-2045&sa=U&ved=2ahUKEwjIr_HJne-IAxVLzTgGHWqPJ9w4ZBDF9AF6BAgHEAI&usg=AOvVaw0Mz7T88Ih0Qsnewctk_9uA
108,"Pendidikan untuk Semua, Akses Setara ke Pra-Sekolah Dasar di Abad 21",Kota Makassar,"JAKARTA, iNews.id – Lebih dari 3.000 karyawan UOB Indonesia mengikuti UOB Heartbeat Run/Walk 2024, Sabtu (28/9/2024).4 hari lalu",https://makassarkota.go.id/makassar-tuan-rumah-pj-sekda-kota-makassar-buka-resmi-rakornas-ke-3-forum-dewan-pendidikan-indonesia/&sa=U&ved=2ahUKEwjIr_HJne-IAxVLzTgGHWqPJ9w4ZBDF9AF6BAgEEAI&usg=AOvVaw14X2x1C7zBpf_oLR3aTYZF
109,Penggalangan Dana untuk Dukung Pendidikan Siswa Tunarungu di Indonesia,Medcom.id,Aplikasi Giat SD akan menjadi alat bantu yang efektif dalam proses belajar-mengajar dengan memberikan akses luas ke materi-materi pendidikan...2 bulan lalu,https://www.medcom.id/pendidikan/news-pendidikan/eN4mvGyb-kampus-tak-bisa-langsung-terima-lulusan-sma-indonesia-kemendikbudristek-rancang-tes-seleksi-terstandar&sa=U&ved=2ahUKEwjIr_HJne-IAxVLzTgGHWqPJ9w4ZBDF9AF6BAgIEAI&usg=AOvVaw1YxuoXHtdO23lyBihv2b66
110,Semarak GIAT SD: Momentum Inovasi dalam Pendidikan Dasar Indonesia,Good News From Indonesia,Melalui program BRI Peduli - Ini Sekolahku kembali menegaskan komitmennya dalam mendukung peningkatan kualitas pendidikan di Indonesia.1 hari lalu,https://www.goodnewsfromindonesia.id/2024/09/27/pendidikan-untuk-semua-akses-setara-ke-pra-sekolah-dasar-di-abad-21&sa=U&ved=2ahUKEwjjo43Kne-IAxUkxDgGHXTJKPs4bhDF9AF6BAgIEAI&usg=AOvVaw2GUstA-5QIgOfXieetupIU
111,"BRI Peduli ""Ini Sekolahku"" Serahkan Bantuan Untuk SDN Sagalaherang 1",iNews.ID,"Jakarta, VIVA – PT Infrastruktur Generasi Indonesia (REFO) akan menjadi tuan rumah Indonesia Future of Learning Summit (IFLS) 2024 di...4 hari lalu",https://www.inews.id/multimedia/photo/penggalangan-dana-untuk-dukung-pendidikan-siswa-tunarungu-di-indonesia&sa=U&ved=2ahUKEwjjo43Kne-IAxUkxDgGHXTJKPs4bhDF9AF6BAgJEAI&usg=AOvVaw11jcs3XJKwXZcs55zF6x_J
112,Pakar dan praktisi teknologi berkumpul untuk membahas peran AI dalam meningkatkan pendidikan di Indonesia,ditpsd.kemdikbud.go.id,Nama :Thoriqh Hilbram Salsabil H Ali. NIM :1152300292. Prodi :Ilmu Komunikasi. Fakultas :Ilmu Sosial Dan Politik. Artikel ini di buat untuk...2 hari lalu,https://ditpsd.kemdikbud.go.id/artikel/detail/semarak-giat-sd-momentum-inovasi-dalam-pendidikan-dasar-indonesia&sa=U&ved=2ahUKEwjjo43Kne-IAxUkxDgGHXTJKPs4bhDF9AF6BAgBEAI&usg=AOvVaw0rytvv_PWdTa5kZhuIz3lj
113,Sistem Komunikasi Indonesia: Sistem Komunikasi di Indonesia dalam Mendukung Pendidikan Jarak Jauh - Kompasiana.com,Jabar Ekspres,Inisiatif bersama ini diharapkan bisa meningkatkan kualitas guru di Indonesia. Pendidikan adalah bagian penting dari kemitraan...1 minggu lalu,https://jabarekspres.com/berita/2024/09/30/bri-peduli-ini-sekolahku-serahkan-bantuan-untuk-sdn-sagalaherang-1/&sa=U&ved=2ahUKEwjjo43Kne-IAxUkxDgGHXTJKPs4bhDF9AF6BAgEEAI&usg=AOvVaw2u7Nmjj2MzcXYf20ZYeGc3
114,Indonesia dan Australia Luncurkan Program Kerja Sama Pendidikan Guru,Kabargayo,NUSANTARA - Sebagai wujud komitmen Ibu Kota Nusantara (IKN) dalam menyediakan infrastrukturpendidikan berkualitas yang mengintegrasikan kearifan lokal dan...1 minggu lalu,https://www.kabargayo.com/2024/09/27/pakar-dan-praktisi-teknologi-berkumpul-untuk-membahas-peran-ai-dalam-meningkatkan-pendidikan-di-indonesia/&sa=U&ved=2ahUKEwjjo43Kne-IAxUkxDgGHXTJKPs4bhDF9AF6BAgDEAI&usg=AOvVaw18ihP3U4riKYiWVCpZlY14
115,Pembangunan Kawasan Pendidikan AIS Nusantara: Integrasi Kearifan Lokal dan Standar Internasional di Ibu Kota Nusantara,Kompasiana.com,"Jakarta, CNBC Indonesia - Ketua Dewan Pakar TKN Prabowo-Gibran Burhanuddin Abdullah mengungkapkan prestasi pendidikan anak Indonesia setelah...1 minggu lalu",https://www.kompasiana.com/thoriqhhilbram4052/66f9257b34777c76f955bfb3/sistem-komunikasi-indonesia-sistem-komunikasi-di-indonesia-dalam-mendukung-pendidikan-jarak-jauh&sa=U&ved=2ahUKEwjjo43Kne-IAxUkxDgGHXTJKPs4bhDF9AF6BAgHEAI&usg=AOvVaw2-r4cakn1nRcn3ES7k_GYo
116,Miris! IQ Anak Indonesia Terendah di ASEAN,Dunia Tempo,"Dana yang dialokasikan dari pajak digunakan untuk membangun infrastruktur pendidikan, seperti sekolah, laboratorium, dan perpustakaan. Selain...3 bulan lalu",https://dunia.tempo.co/read/1920373/indonesia-dan-australia-luncurkan-program-kerja-sama-pendidikan-guru&sa=U&ved=2ahUKEwjjo43Kne-IAxUkxDgGHXTJKPs4bhDF9AF6BAgGEAI&usg=AOvVaw2Eq4u7Lw1iAYntf2XoQ3FH
117,Manfaat pajak untuk pendidikan di Indonesia,IKN,Mahasiswa Unisma Malang mengikuti kegiatan Praktik Belajar Lapangan Inovatif (PBLI) dan Kandidat Sarjana Mengabdi (KSM) salah satunya di Man...24 jam yang lalu,https://www.ikn.go.id/pembangunan-kawasan-pendidikan-ais-nusantara-integrasi-kearifan-lokal-dan-standar-internasional-di-ibu-kota-nusantara&sa=U&ved=2ahUKEwjjo43Kne-IAxUkxDgGHXTJKPs4bhDF9AF6BAgAEAI&usg=AOvVaw26g-Z4l8sAt_xTmqt-GADd
118,PBLI KSM Unisma Meningkatkan Kualitas Pendidikan dan Pengembangan Karakter Siswa di MAN Kota Batu,CNBC Indonesia,SuarIndonesia – Peringatan Hari Ulang Tahun (HUT) Himpunan Pendidik dan Tenaga Kependidikan Anak Usia Dini Indonesia (Himpaudi) ke-19 di...4 hari lalu,https://www.cnbcindonesia.com/news/20240925102000-4-574396/miris-iq-anak-indonesia-terendah-di-asean&sa=U&ved=2ahUKEwjjo43Kne-IAxUkxDgGHXTJKPs4bhDF9AF6BAgCEAI&usg=AOvVaw09BxGu5sg-wt8U224brq62
119,DORONG PENDIDIKAN Anak Usia Dini yang Berkualitas,ANTARA News,"Pertama, pembangunan manusia dan penguasaan ilmu pengetahuan dan teknologi. Kedua, pembangunan ekonomi yang berkelanjutan. Ketiga, pemerataan...2 bulan lalu",https://www.antaranews.com/berita/4175271/manfaat-pajak-untuk-pendidikan-di-indonesia&sa=U&ved=2ahUKEwjjo43Kne-IAxUkxDgGHXTJKPs4bhDF9AF6BAgFEAI&usg=AOvVaw0odQ8e2ZGYbBPabt-baxX7
120,Kebijakan Pendidikan untuk Indonesia Emas 2045,TIMES Indonesia,Suar Indonesia - pendidikan anak usia dini.2 hari lalu,https://timesindonesia.co.id/indonesia-positif/512535/pbli-ksm-unisma-meningkatkan-kualitas-pendidikan-dan-pengembangan-karakter-siswa-di-man-kota-batu&sa=U&ved=2ahUKEwj1oKbKne-IAxVjxzgGHawvK1Y4eBDF9AF6BAgFEAI&usg=AOvVaw0dRz6Df9Ti0nKDKLQBHkPM
121,Topik pendidikan anak usia dini,Suar Indonesia,"PedomanBengkulu.com - BENGKULU– Dalam acara workshop bertema “Peran Pendidikan dalam Menyiapkan SDM Unggul Indonesia Emas 2045”,...6 hari lalu",https://suarindonesia.com/dorong-pendidikan-anak-usia-dini-yang-berkualitas/&sa=U&ved=2ahUKEwj1oKbKne-IAxVjxzgGHawvK1Y4eBDF9AF6BAgJEAI&usg=AOvVaw3GLjfvPWLOEp0ggHnHKKvt
122,Dewi Coryati Soroti Peran Pendidikan dalam Mempersiapkan Indonesia Emas 2045,Kompas.id,Adanya Kurikulum Merdeka merupakan bentuk upaya pemerintah dalam memperbaiki sistem pendidikan di Indonesia yang selama ini dipandang kurang responsif...4 bulan lalu,https://www.kompas.id/baca/opini/2024/07/25/kebijakan-pendidikan-untuk-indonesia-emas-2045&sa=U&ved=2ahUKEwj1oKbKne-IAxVjxzgGHawvK1Y4eBDF9AF6BAgHEAI&usg=AOvVaw2COPRyMggn7ZckskiKs4wX
123,Kurikulum Merdeka: Upaya Meningkatkan Kualitas Pendidikan secara Berkeadilan,Suar Indonesia,"Program Afirmasi Pendidikan Menengah (ADEM) dan Afirmasi Pendidikan Tinggi (ADik) yang dikelola Kementerian Pendidikan, Kebudayaan, Riset,...3 hari lalu",https://suarindonesia.com/tag/pendidikan-anak-usia-dini/&sa=U&ved=2ahUKEwj1oKbKne-IAxVjxzgGHawvK1Y4eBDF9AF6BAgDEAI&usg=AOvVaw1kmhz7HpvEwpnR83oDoSFd
124,"Dorong Pemerataan Pendidikan, Kemdikbudristek Hadirkan Ini",Pedoman Bengkulu,"Pendidikan perubahan iklim (Climate change education/CCE) dikumandangkan oleh UNESCO sebagai pendidikan formal, non-formal, dan informal yang...1 bulan lalu",https://www.pedomanbengkulu.com/2024/09/dewi-coryati-soroti-peran-pendidikan.html&sa=U&ved=2ahUKEwj1oKbKne-IAxVjxzgGHawvK1Y4eBDF9AF6BAgIEAI&usg=AOvVaw2OaG7BaYcEP9rU_jD8UuDI
125,Riset tunjukkan pendidikan perubahan iklim di Indonesia belum tepat sasaran,ditpsd.kemdikbud.go.id,"Kementerian Pendidikan, Riset, dan Teknologi (Kemendikbudristek) menggelar peringatan Hari Aksara Internasional tingkat nasional di Jakarta...3 hari lalu",https://ditpsd.kemdikbud.go.id/artikel/detail/kurikulum-merdeka-upaya-meningkatkan-kualitas-pendidikan-secara-berkeadilan&sa=U&ved=2ahUKEwj1oKbKne-IAxVjxzgGHawvK1Y4eBDF9AF6BAgGEAI&usg=AOvVaw3Z55JPp-lRoPH7706klyq2
126,Kemendikbudristek: Angka Buta Aksara Penduduk Indonesia Terus Menurun,IDN Times,"Meskipun berbagai upaya telah dilakukan untuk meningkatkan mutu pendidikan di Indonesia, masih terdapat sejumlah tantangan yang harus dihadapi.1 bulan lalu",https://www.idntimes.com/news/indonesia/ahmad-faisal-17/kemdikbud-dorong-pemerataan-pendidikan-csc&sa=U&ved=2ahUKEwj1oKbKne-IAxVjxzgGHawvK1Y4eBDF9AF6BAgEEAI&usg=AOvVaw03coNL4RA7VXNS02uC836U
127,Ragam Masalah yang Tak Kunjung Teratasi dalam Dunia Pendidikan Indonesia Saat Ini - Kompasiana.com,The Conversation,Buku Panduan Peserta MOKA-KU 2024 Universitas Pendidikan Indonesia ... MOKA-KU UPI 2024 memiliki tata tertib umum yang harus ditaati oleh seluruh...1 bulan lalu,https://theconversation.com/riset-tunjukkan-pendidikan-perubahan-iklim-di-indonesia-belum-tepat-sasaran-235339&sa=U&ved=2ahUKEwj1oKbKne-IAxVjxzgGHawvK1Y4eBDF9AF6BAgBEAI&usg=AOvVaw1xmf1H3W4n0o0HWDPUVQSl
128,Buku Panduan Peserta MOKA-KU 2024 Universitas Pendidikan Indonesia,Katakini.com,Dengan hal tersebut tentu kualitas guru dapat terpenuhi dan mampu mendongkrak pendidikan indonesia kearah yang lebih baik lagi. Dengan dukungan...1 bulan lalu,https://www.katakini.com/artikel/113126/kemendikbudristek-angka-buta-aksara-penduduk-indonesia-terus-menurun/&sa=U&ved=2ahUKEwj1oKbKne-IAxVjxzgGHawvK1Y4eBDF9AF6BAgCEAI&usg=AOvVaw3iWG9WFmed-3AlGLDi1itX
129,Pendidikan Indonesia di Akhir Masa Jabatan: Evaluasi dan Harapan,Kompasiana.com,"Sekitar seribu murid Sekolah Dasar (SD) di Makassar, Sulawesi Selatan, disebut belajar dari rumah karena kompleks sekolah mereka disegel.2 bulan lalu",https://www.kompasiana.com/ardibagusprasetyo/66c048e0c925c469ac02e332/ragam-masalah-yang-tak-kunjung-teratasi-dalam-dunia-pendidikan-indonesia-saat-ini&sa=U&ved=2ahUKEwj1oKbKne-IAxVjxzgGHawvK1Y4eBDF9AF6BAgAEAI&usg=AOvVaw0esshpOuGzjcuDE30pw8Pd
130,Sekolah: Kompleks sekolah dasar di Makassar disegel dan seribu murid ‘dirumahkan’ – Mengapa perlindungan hak pendidikan anak 'lemah'?,BERITA UPI,"Universitas Indonesia (UI) mengungkap keberadaan Arsip Dagboek Rechtshoogeschool, sebuah dokumen bersejarah yang memotret perjalanan...5 hari lalu",https://berita.upi.edu/buku-panduan-peserta-moka-ku-2024-universitas-pendidikan-indonesia/&sa=U&ved=2ahUKEwi6ub7Kne-IAxVlT2wGHRXWNbQ4ggEQxfQBegQIBhAC&usg=AOvVaw0EHGKKEQxjkFzxG2fDCNdZ
131,Arsip Dagboek Rechtshoogeschool: 100 Tahun Sejarah Pendidikan Hukum Di Indonesia,geotimes,Rapat Koorrdinasi Nasional III Forum Dewan Pendidikan Indonesia diikuti ratusan pengurus Dewan Pendidikan kabupaten dan kota di seluruh...3 minggu lalu,https://geotimes.id/opini/pendidikan-indonesia-di-akhir-masa-jabatan-evaluasi-dan-harapan/&sa=U&ved=2ahUKEwi6ub7Kne-IAxVlT2wGHRXWNbQ4ggEQxfQBegQICRAC&usg=AOvVaw2X8O8B21kFYd3pVOGk838o
132,Rakornas III Forum Dewan Pendidikan Indonesia digelar di Kota Makassar,BBC,Presiden Jokowi menyayangkan peringkat pendidikan dan kesehatan Indonesia yang jauh tertinggal di posisi ke-57 dan ke-58 secara global.2 bulan lalu,https://www.bbc.com/indonesia/articles/cjm94m8k3jyo&sa=U&ved=2ahUKEwi6ub7Kne-IAxVlT2wGHRXWNbQ4ggEQxfQBegQIARAC&usg=AOvVaw1uAutvLdhxPL0PN1NEF-kk
133,Jokowi Miris Ranking Pendidikan dan Kesehatan RI Masih Jauh Tertinggal,Heta News,"Penggunaan teknologi secara bijak memungkinkan guru dan siswa membangun hubungan lebih dalam, kolaboratif, dan reflektif.3 hari lalu",https://www.hetanews.com/article/291516/arsip-dagboek-rechtshoogeschool-100-tahun-sejarah-pendidikan-hukum-di-indonesia&sa=U&ved=2ahUKEwi6ub7Kne-IAxVlT2wGHRXWNbQ4ggEQxfQBegQIAhAC&usg=AOvVaw1ZqKF7UC8_ElyKt-lCoSmZ
134,Revolusi Pendidikan Mengintegrasikan Humanisme dalam Era Digital,ANTARA News Makassar,Hidup Jakarta – PT Reformasi Generasi Indonesia (REFO) menggelar Indonesia Future Learning Summit (IFLS) 2024 diadakan di Jakarta.4 hari lalu,https://makassar.antaranews.com/berita/558759/rakornas-iii-forum-dewan-pendidikan-indonesia-digelar-di-kota-makassar&sa=U&ved=2ahUKEwi6ub7Kne-IAxVlT2wGHRXWNbQ4ggEQxfQBegQIBBAC&usg=AOvVaw380g8AZxXkvh3yrKMdE6HG
135,Pakar dan Teknologi Praktis Indonesia Kumpul Bahas Peran AI Genjot Pendidikan,CNN Indonesia,"Hadirkan demokrasi yang inklusif, Komisi Pemilihan Umum (KPU) Kota Tasikmalaya menggelar sosialisasi Pilkada 2024 dan pendidikan pemilih...3 hari lalu",https://www.cnnindonesia.com/nasional/20240711181614-32-1120282/jokowi-miris-ranking-pendidikan-dan-kesehatan-ri-masih-jauh-tertinggal&sa=U&ved=2ahUKEwi6ub7Kne-IAxVlT2wGHRXWNbQ4ggEQxfQBegQICBAC&usg=AOvVaw3oB7njeW5rN72Li6W_kSVE
136,KPU Kota Tasikmalaya Gelar Sosialisasi dan Pendidikan Pemilih untuk Kelompok Marjinal,MerahPutih,"Pada sabtu, 17 Agustus 2024, bertempat di Fakultas Ilmu Pendidikan, telah dilaksanakan kegiatan lawatan perwakilan Persatuan Kaunseling...1 bulan lalu",https://www.merahputih.com/post/read/revolusi-pendidikan-mengintegrasikan-humanisme-dalam-era-digital&sa=U&ved=2ahUKEwi6ub7Kne-IAxVlT2wGHRXWNbQ4ggEQxfQBegQIBxAC&usg=AOvVaw0evoxzOCHhJTOOcrUHpFiQ
137,"Lawatan Persatuan Kaunseling Brunei Darussalam ke Fakultas IlmuPendidikan, Universitas Pendidikan Indonesia dan Partisipasi dalamUpacara Peringatan Hari Kemerdekaan Republik Indonesia Ke-79 – BERITA UPI",MIDOR - OKU TIMUR TERKINI,Kitong Bisa Foundation (KBF) Indonesia dan perusahaan global di sektor pertambangan serta metalurgi Eramet menghadirkan program beasiswa...1 bulan lalu,https://www.midor.co/2024/09/pakar-dan-teknologi-praktis-indonesia-kumpul-bahas-peran-ai-genjot-pendidikan/&sa=U&ved=2ahUKEwi6ub7Kne-IAxVlT2wGHRXWNbQ4ggEQxfQBegQIBRAC&usg=AOvVaw2-oD_fF-ve7odyVNMKmIEg
138,KBF-Eramet hadirkan beasiswa pendidikan tinggi untuk Indonesia timur,TIMES Indonesia,"Kuala Lumpur (UINSU). Dalam era globalisasi saat ini, pendidikan menjadi salah satu elemen penting dalam mempersiapkan generasi muda...1 bulan lalu",https://timesindonesia.co.id/peristiwa-daerah/512263/kpu-kota-tasikmalaya-gelar-sosialisasi-dan-pendidikan-pemilih-untuk-kelompok-marjinal&sa=U&ved=2ahUKEwi6ub7Kne-IAxVlT2wGHRXWNbQ4ggEQxfQBegQIAxAC&usg=AOvVaw2Ip2YNbztUXsQK6Dkut3PJ
139,UINSU Medan Gelar KKN di Kuala Lumpur | Perkuat Pendidikan Anak Indonesia di Luar Negeri,BERITA UPI,"Telkom berkomitmen mengembangkan dan menghadirkan solusi digital yang relevan dengan perkembangan zaman, terutama di sektor pendidikan.1 minggu lalu",https://berita.upi.edu/lawatan-persatuan-kaunseling-brunei-darussalam-ke-fakultas-ilmupendidikan-universitas-pendidikan-indonesia-dan-partisipasi-dalamupacara-peringatan-hari-kemerdekaan-republik-indonesia-ke-79/&sa=U&ved=2ahUKEwi6ub7Kne-IAxVlT2wGHRXWNbQ4ggEQxfQBegQIABAC&usg=AOvVaw0UnMpK-qMXhyizBVV80NNB
140,Telkom Adopsi AI di Tanya Pijar Demi Pendidikan Indonesia Semakin Relevan,TIMES Indonesia,"Kurikulum Merdeka Belajar. Berikutnya, era kepemimpinan Menteri Pendidikan, Kebudayaan, Riset, dan Teknologi Nadiem Makarim memberlakukan...4 bulan lalu",https://timesindonesia.co.id/peristiwa-daerah/512263/kpu-kota-tasikmalaya-gelar-sosialisasi-dan-pendidikan-pemilih-untuk-kelompok-marjinal&sa=U&ved=2ahUKEwjS3N7Kne-IAxWnzzgGHf1uNBE4jAEQxfQBegQIBxAC&usg=AOvVaw1U9upBapAWo_yUj6A1kyI6
141,Merdeka Belajar dan Jejak Perjalanan Kurikulum Pendidikan Indonesia,BERITA UPI,"Pendidikan tingkatkan kerja sama dan pertukaran China dan Indonesia ... Pekan Pendidikan ASEAN-China digelar di Guiyang, China. Kepala Badan...1 bulan lalu",https://berita.upi.edu/lawatan-persatuan-kaunseling-brunei-darussalam-ke-fakultas-ilmupendidikan-universitas-pendidikan-indonesia-dan-partisipasi-dalamupacara-peringatan-hari-kemerdekaan-republik-indonesia-ke-79/&sa=U&ved=2ahUKEwjS3N7Kne-IAxWnzzgGHf1uNBE4jAEQxfQBegQICRAC&usg=AOvVaw0EAsYwSIBWcQVG28_33ZhL
142,Pendidikan tingkatkan kerja sama dan pertukaran China dan Indonesia,ANTARA News,"Wamenparekraf Angela Tanoesoedibjo mengapresiasi Poltekpar NHI Bandung, Jawa Barat sebagai pelopor pendidikan pariwisata berkualitas di...6 hari lalu",https://www.antaranews.com/berita/4308951/kbf-eramet-hadirkan-beasiswa-pendidikan-tinggi-untuk-indonesia-timur&sa=U&ved=2ahUKEwjS3N7Kne-IAxWnzzgGHf1uNBE4jAEQxfQBegQIBhAC&usg=AOvVaw32aoSOCRG_tS_jGHr7hZnD
143,Wamenparekraf Angela Tanoesoedibjo Apresiasi Poltekpar NHI Bandung Pelopor Pendidikan Pariwisata di Indonesia,UIN Sumatera Utara Medan,"Rapat Koordinasi Nasional (Rakornas) III Forum Dewan Pendidikan Indonesia (FDPI) di Makassar, Sulawesi Selatan (Sulsel), sepakat menunjuk...3 minggu lalu",https://uinsu.ac.id/index.php/2024/08/28/uinsu-medan-gelar-kkn-di-kuala-lumpur-perkuat-pendidikan-anak-indonesia-di-luar-negeri/&sa=U&ved=2ahUKEwjS3N7Kne-IAxWnzzgGHf1uNBE4jAEQxfQBegQICBAC&usg=AOvVaw3yRIeEUWRyzTPFG8AmXaam
144,Rudianto Lallo Terpilih Jadi Ketua Umum Forum Dewan Pendidikan Indonesia,detikInet,"Kepala Badan Standar, Kurikulum, dan Asesmen Pendidikan Kemendikbud Ristek, Anindito Aditomo mengatakan kebijakan penghapusan jurusan itu...1 bulan lalu",https://inet.detik.com/telecommunication/d-7551474/telkom-adopsi-ai-di-tanya-pijar-demi-pendidikan-indonesia-semakin-relevan&sa=U&ved=2ahUKEwjS3N7Kne-IAxWnzzgGHf1uNBE4jAEQxfQBegQIBRAC&usg=AOvVaw2cj_fHrlfvwiKJLMwJyPtT
145,Mengurai Benang Kusut di Dunia Pendidikan Indonesia,Kompas.id,"Menurutnya, kini wajah baru pendidikan dan kebudayaan Indonesia sudah mulai terlihat berkat gerakan Merdeka Belajar karena banyak anak Indonesia...4 bulan lalu",https://www.kompas.id/baca/riset/2024/05/06/merdeka-belajar-dan-jejak-perjalanan-kurikulum-pendidikan-indonesia&sa=U&ved=2ahUKEwjS3N7Kne-IAxWnzzgGHf1uNBE4jAEQxfQBegQIAxAC&usg=AOvVaw2lg73d1j3t4efio8SCW5vO
146,Guru Besar UIN: Pendidikan di Indonesia secara umum semakin berkembang,ANTARA News,"Senat Akademik UPI memiliki 4 Komisi, yaitu Komisi A Bidang pendidikan, Komisi B Bidang kelembagaan akademik, Komisi C Bidang penelitian,...2 bulan lalu",https://www.antaranews.com/berita/4283927/pendidikan-tingkatkan-kerja-sama-dan-pertukaran-china-dan-indonesia&sa=U&ved=2ahUKEwjS3N7Kne-IAxWnzzgGHf1uNBE4jAEQxfQBegQIABAC&usg=AOvVaw20Ex16wTVNd348-ToZRhJG
147,Senat Akademik Universitas Pendidikan Indonesia Gelar Rapat Pleno Senat Akademik,SINDOnews Daerah,"Hardiknas 2024: Momentum Merayakan Capaian dan Menghayati Mimpi Pendidikan Indonesia · 06 Mei 2024 · Informasi · Kunjungan: 707. Jakarta, 4 Mei...4 bulan lalu",https://daerah.sindonews.com/read/1462845/701/wamenparekraf-angela-tanoesoedibjo-apresiasi-poltekpar-nhi-bandung-pelopor-pendidikan-pariwisata-di-indonesia-1727327350&sa=U&ved=2ahUKEwjS3N7Kne-IAxWnzzgGHf1uNBE4jAEQxfQBegQIBBAC&usg=AOvVaw2k7Yj4qTy3AiJZwCUQHe0F
148,Hardiknas 2024: Momentum Merayakan Capaian dan Menghayati Mimpi Pendidikan Indonesia,detikcom,"Ditengah sulitnya ekonomi, justru kepala Dinas Pendidikan dan Majelis Ulama Indonesia Kota Tangerang melakukan pungutan liar melalui...5 hari lalu",https://www.detik.com/sulsel/makassar/d-7538749/rudianto-lallo-terpilih-jadi-ketua-umum-forum-dewan-pendidikan-indonesia&sa=U&ved=2ahUKEwjS3N7Kne-IAxWnzzgGHf1uNBE4jAEQxfQBegQIARAC&usg=AOvVaw3R1z69UzKvX-EhmKsKWTjg
149,Dinas Pendidikan dan Majelis Ulama Indonesia Kota Tangerang Diduga adakan Pungutan Liar Berkedok Infaq dan Shodaqoh Kepada Sejumlah Siswa - Akurat Banten,Metrotvnews.com,PT Pertamina (Persero) menggelar Pertamina Energi Negeri (PEN) 7.0 secara serentak di 79 sekolah dasar (SD) di Indonesia dalam mendukung dan...1 bulan lalu,https://www.metrotvnews.com/play/Ky6CPYol-mengurai-benang-kusut-di-dunia-pendidikan-indonesia&sa=U&ved=2ahUKEwjS3N7Kne-IAxWnzzgGHf1uNBE4jAEQxfQBegQIAhAC&usg=AOvVaw2rWjDLZQu9dGCDC1F91fJC
150,Pertamina gelar PEN 7.0 di 79 SD majukan dunia pendidikan Indonesia,ANTARA News,"DALAM perjalanan mewujudkan visi Indonesia Emas tahun 2045, sektor pendidikan menjadi kunci penting yang harus diperhatikan.1 bulan lalu",https://www.antaranews.com/berita/4086555/guru-besar-uin-pendidikan-di-indonesia-secara-umum-semakin-berkembang&sa=U&ved=2ahUKEwiO3_jKne-IAxXSw6ACHRrMJxk4lgEQxfQBegQIARAC&usg=AOvVaw0ndk_q918tAYR4kJWusEAh
151,Perkuat Pendidikan dan Berantas Korupsi demi Indonesia Emas,BERITA UPI,"Filesatu.co.id, KARAWANG | FORUM Wartawan Jaya Indonesia (FWJI) bersinergi dengan Komisi Pemilihan Umum (KPU) Kabupaten Karawang,...4 hari lalu",https://berita.upi.edu/senat-akademik-universitas-pendidikan-indonesia-gelar-rapat-pleno-senat-akademik/&sa=U&ved=2ahUKEwiO3_jKne-IAxXSw6ACHRrMJxk4lgEQxfQBegQICRAC&usg=AOvVaw0SAlFLSUVH8QQKsyRjJiC6
152,FWJ Indonesia Gandeng KPU Karawang Gelar Sosialisasi dan Pendidikan Pemilih Pilkada 2024 Bagi Masyarakat Nelayan,ditpsd.kemdikbud.go.id,Unrinews. Rektor Universitas Riau (Unri) Prof Dr Sri Indarti SE MSi bertindak selaku Pembina Upacara pada saat upacara peringatan Hari Ulang...1 bulan lalu,https://ditpsd.kemdikbud.go.id/artikel/detail/hardiknas-2024-momentum-merayakan-capaian-dan-menghayati-mimpi-pendidikan-indonesia&sa=U&ved=2ahUKEwiO3_jKne-IAxXSw6ACHRrMJxk4lgEQxfQBegQIBRAC&usg=AOvVaw38C_j8wbMClwp4Kj7oOMpY
153,Isi Kemerdekaan dengan Melanjutkan Perjuangan untuk Memajukan Pendidikan Indonesia,Akurat Banten,"Pemerintah Republik Indonesia melalui Kementerian Pendidikan, Kebudayaan, Riset, dan Teknologi (Kemendikbudristek) dan Pemerintah Papua Nugini...2 bulan lalu",https://banten.akurat.co/news/1325133161/dinas-pendidikan-dan-majelis-ulama-indonesia-kota-tangerang-diduga-adakan-pungutan-liar-berkedok-infaq-dan-shodaqoh-kepada-sejumlah-siswa&sa=U&ved=2ahUKEwiO3_jKne-IAxXSw6ACHRrMJxk4lgEQxfQBegQIAxAC&usg=AOvVaw1Qd8UV8Cf32w_JZKWl8f-c
154,Indonesia dan Papua Nugini perkuat kerja sama bidang pendidikan,ANTARA News,Apakah pendidikan di Indonesia telah berhasil menjadi alat pembebasan atau malah terjebak dalam sistem yang membelenggu?4 minggu lalu,https://www.antaranews.com/berita/4293763/pertamina-gelar-pen-70-di-79-sd-majukan-dunia-pendidikan-indonesia&sa=U&ved=2ahUKEwiO3_jKne-IAxXSw6ACHRrMJxk4lgEQxfQBegQIAhAC&usg=AOvVaw2sliXtR8RPCgsGP3TX8n_8
155,Simalakama Pendidikan di Indonesia,Pusat Edukasi Antikorupsi KPK,"Saat melakukan Sosialisasi 4 Pilar MPR RI di hadapan ratusan mahasiswa dari berbagai kampus di Kota Bandung pada Sabtu 31 Agustus lalu,...1 bulan lalu",https://aclc.kpk.go.id/aksi-informasi/Eksplorasi/20240829-perkuat-pendidikan-dan-berantas-korupsi-demi-indonesia-emas&sa=U&ved=2ahUKEwiO3_jKne-IAxXSw6ACHRrMJxk4lgEQxfQBegQIBhAC&usg=AOvVaw1vUg7eLndrO0X9RMg5_Mem
156,Ledia Ajak Mahasiswa Cermati Persoalan Pendidikan di Indonesia,File Satu,"Kota Pelajar Terbaik QS WUR 2025 · Singapura, Singapura: skor 89,6 · Kuala Lumpur, Malaysia: skor 85,4 · Bangkok, Thailand: skor 71,8 · Manila,...2 bulan lalu",https://filesatu.co.id/fwj-indonesia-gandeng-kpu-karawang-gelar-sosialisasi-dan-pendidikan-pemilih-pilkada-2024-bagi-masyarakat-nelayan/&sa=U&ved=2ahUKEwiO3_jKne-IAxXSw6ACHRrMJxk4lgEQxfQBegQICBAC&usg=AOvVaw1G2YxwoiHoHlCqobVYxPCK
157,"Daftar Negara dengan Sistem Pendidikan Terbaik di Asia Tenggara, Ada Indonesia?",Universitas Riau,Kanwil Kemenag Lampung menerima piagam penegerian dari Ditjen Pendidikan Islam Kementerian Agama Republik Indonesia untuk 6 madrasah.5 hari lalu,https://unri.ac.id/isi-kemerdekaan-dengan-melanjutkan-perjuangan-untuk-memajukan-pendidikan-indonesia/&sa=U&ved=2ahUKEwiO3_jKne-IAxXSw6ACHRrMJxk4lgEQxfQBegQIABAC&usg=AOvVaw3gnYgX5KpECVQt2qH_2IT_
158,6 Madrasah di Lampung Resmi Dikelola Kemenag -,ANTARA News,"Penulis: Nizam, dkk ISBN: sedang proses Jumlah halaman: 212 halaman Buku 4 Tahun Perjalanan Ditjen Diktiristek Mentransformasi Pendidikan...1 bulan lalu",https://www.antaranews.com/berita/4200969/indonesia-dan-papua-nugini-perkuat-kerja-sama-bidang-pendidikan&sa=U&ved=2ahUKEwiO3_jKne-IAxXSw6ACHRrMJxk4lgEQxfQBegQIBxAC&usg=AOvVaw0Zhq_A-9_Nz-P3cAqdWJgL
159,4 Tahun Perjalanan Ditjen Diktiristek Mentransformasi Pendidikan Tinggi Indonesia 2019-2024,Kompas.com,"Audiensi tersebut membahas tindak lanjut kunjungan kerja BP2MI ke Tawau, Malaysia pada 14 Juni 2024 lalu, dalam rangka penempatan Pekerja Migran...3 bulan lalu",https://www.kompas.com/edu/read/2024/09/06/111721171/simalakama-pendidikan-di-indonesia&sa=U&ved=2ahUKEwiO3_jKne-IAxXSw6ACHRrMJxk4lgEQxfQBegQIBBAC&usg=AOvVaw0LY4CbBdVy3YPGcoa1ET2S
160,"Bahas Isu Pendidikan Anak Pekerja Migran Indonesia di Tawau Malaysia, Konsul RI Tawau Temui BP2MI",Fraksi PKS,Kemendikbudristek sendiri telah melakukan transformasi besar di bawah payung kebijakan Merdeka Belajar. Melalui Merdeka Belajar...2 bulan lalu,https://fraksi.pks.id/2024/09/04/ledia-ajak-mahasiswa-cermati-persoalan-pendidikan-di-indonesia/&sa=U&ved=2ahUKEwiWnLHLne-IAxWsyjgGHVvgKHU4oAEQxfQBegQIBhAC&usg=AOvVaw23bqfnCZef5GJrQ8Jwdx-x
161,Indonesia-Filipina Perkuat Kerja Sama bidang Pendidikan,detikcom,"Indonesia adalah negara dengan penduduk Muslim terbesar negara mayoritas di dunia, dengan populasi tertinggi keempat di planet ini, tersebar...1 bulan lalu",https://www.detik.com/edu/edutainment/d-7438598/daftar-negara-dengan-sistem-pendidikan-terbaik-di-asia-tenggara-ada-indonesia&sa=U&ved=2ahUKEwiWnLHLne-IAxWsyjgGHVvgKHU4oAEQxfQBegQICRAC&usg=AOvVaw0ZNePaqWOxH7SXFU4W9dat
162,Permasalahan Literasi Agama dalam Pendidikan Indonesia,Lampost.co -,"IMSCC 2024 Babak Baru Demi Perubahan dan Inovasi Pendidikan Indonesia ... Bandung, UPI. ... Kegiatan ini diharapkan dapat menjadi pemantik agar...1 bulan lalu",https://lampost.co/lampung/bandar-lampung/6-madrasah-di-lampung-resmi-dikelola-kemenag/&sa=U&ved=2ahUKEwiWnLHLne-IAxWsyjgGHVvgKHU4oAEQxfQBegQIAhAC&usg=AOvVaw1SX72CUS55D-J7LFA-Vvox
163,IMSCC 2024 Babak Baru Demi Perubahan dan Inovasi Pendidikan Indonesia,Kementerian Pendidikan dan Kebudayaan,"Menurut survei ini, peringkat 10 terbaik selain Inggris, AS, dan Australia adalah Belanda, Swedia, Prancis, Denmark, Kanada, Jerman, dan Swiss.2 bulan lalu",https://dikti.kemdikbud.go.id/epustaka/4-tahun-perjalanan-ditjen-diktiristek-mentransformasi-pendidikan-tinggi-indonesia-2019-2024/&sa=U&ved=2ahUKEwiWnLHLne-IAxWsyjgGHVvgKHU4oAEQxfQBegQIARAC&usg=AOvVaw3Q74OQZ9Hz08NuXikVVdZA
164,"3 Negara Ini Punya Sistem Pendidikan Terbaik di Dunia, Bagaimana dengan Indonesia?",BP2MI | BADAN PELINDUNGAN PEKERJA MIGRAN INDONESIA,"Berdampak terhadap Indonesia Emas 2045, Peneliti: Pendidikan Anak Usia Dini Jadi Fokus Riset BRIN ... Jakarta - Humas BRIN. Pendidikan anak usia...2 bulan lalu",https://bp2mi.go.id/berita-detail/bahas-isu-pendidikan-anak-pekerja-migran-indonesia-di-tawau-malaysia-konsul-ri-tawau-temui-bp2mi&sa=U&ved=2ahUKEwiWnLHLne-IAxWsyjgGHVvgKHU4oAEQxfQBegQIBBAC&usg=AOvVaw2c_eh_ySkAOtwI2Z6HzsNw
165,"Berdampak terhadap Indonesia Emas 2045, Peneliti: Pendidikan Anak Usia Dini Jadi Fokus Riset BRIN",Suara Surabaya,"Burhanuddin Abdullah menegaskan Prabowo akan fokus mengusung kebijakan strategis di bidang pangan, industrialisasi, pendidikan, kesehatan,...6 hari lalu",https://www.suarasurabaya.net/kelanakota/2024/indonesia-filipina-perkuat-kerja-sama-bidang-pendidikan/&sa=U&ved=2ahUKEwiWnLHLne-IAxWsyjgGHVvgKHU4oAEQxfQBegQIBxAC&usg=AOvVaw3toXGTkYEMfGyqQ-hBhy0o
166,"Prabowo Langsung Nge-gas di Januari, Ini Program yang Bakal Digeber!",Beranda UNAIR,Rektor Universitas Pendidikan Indonesia Dorong PTN Forum Fakultas Bahasa dan Seni Indonesia Mewujudkan PTNBH dalam Upaya Menjadi LPTK Berkelas...2 bulan lalu,https://unair.ac.id/permasalahan-literasi-agama-dalam-pendidikan-indonesia/&sa=U&ved=2ahUKEwiWnLHLne-IAxWsyjgGHVvgKHU4oAEQxfQBegQIABAC&usg=AOvVaw3_sGQs6SRJPZst8fAhPSR0
167,Rektor Universitas Pendidikan Indonesia Dorong PTN Forum Fakultas Bahasa dan Seni Indonesia Mewujudkan PTNBH dalam Upaya Menjadi LPTK Berkelas Dunia – BERITA UPI,BERITA UPI,"Dari kesulitan akademik hingga masalah sosial, tantangan ini dapat menjadi penghalang besar bagi siswa yang ingin berhasil. Namun, dengan...1 bulan lalu",https://berita.upi.edu/imscc-2024-babak-baru-demi-perubahan-dan-inovasi-pendidikan-indonesia/&sa=U&ved=2ahUKEwiWnLHLne-IAxWsyjgGHVvgKHU4oAEQxfQBegQICBAC&usg=AOvVaw1a2kjbl55Yuw572_1L5CN1
168,"Seminar Semangat Pendidikan Indonesia, Menghadapi Tantangan dalam Pendidikan - Kompasiana.com",detikcom,"Infrastruktur pendidikan di Indonesia mengalami banyak tantangan. Banyak sekolah, terutama di daerah terpencil, masih kekurangan fasilitas dasar...3 bulan lalu",https://www.detik.com/edu/detikpedia/d-7451941/3-negara-ini-punya-sistem-pendidikan-terbaik-di-dunia-bagaimana-dengan-indonesia&sa=U&ved=2ahUKEwiWnLHLne-IAxWsyjgGHVvgKHU4oAEQxfQBegQIAxAC&usg=AOvVaw3thc49mlVZTdVBckOQjboT
169,Akses dan Kualitas Pendidikan di Indonesia - Kompasiana.com,Badan Riset dan Inovasi Nasional,"Kurikulum Merdeka diluncurkan oleh Kemendikbudristek pada Februari 2022, sebagai salah satu program Merdeka Belajar untuk meningkatkan kualitas...4 bulan lalu",https://www.brin.go.id/news/119683/berdampak-terhadap-indonesia-emas-2045-peneliti-pendidikan-anak-usia-dini-jadi-fokus-riset-brin&sa=U&ved=2ahUKEwiWnLHLne-IAxWsyjgGHVvgKHU4oAEQxfQBegQIBRAC&usg=AOvVaw1MyE7FK0Dqmur8Y8S7o-qx
170,Apa Kurikulum Pendidikan Indonesia Saat Ini?,CNBC Indonesia,"Tingkatkan Kerjasama Pendidikan, Indonesia dan Al-Azhar Siapkan Generasi Penerus Islam Wasathiyyah ... Jakarta, wapresri.go.id – Kerja sama di...2 bulan lalu",https://www.cnbcindonesia.com/research/20240926110756-128-574760/prabowo-langsung-nge-gas-di-januari-ini-program-yang-bakal-digeber&sa=U&ved=2ahUKEwjus8rLne-IAxVtSWwGHTY1Ceg4qgEQxfQBegQIBBAC&usg=AOvVaw2VXkQWdLZ8LWs8x_6Rh1mK
171,"Tingkatkan Kerjasama Pendidikan, Indonesia dan Al-Azhar Siapkan Generasi Penerus Islam Wasathiyyah",BERITA UPI,"Alokasi anggaran pendidikan (Rp triliun) ... Anggaran terbesar dialokasikan untuk Transfer ke Daerah yakni Rp 346,56 triliun atau 52,1%. Anggaran...4 bulan lalu",https://berita.upi.edu/rektor-universitas-pendidikan-indonesia-dorong-ptn-forum-fakultas-bahasa-dan-seni-indonesia-mewujudkan-ptnbh-dalam-upaya-menjadi-lptk-berkelas-dunia/&sa=U&ved=2ahUKEwjus8rLne-IAxVtSWwGHTY1Ceg4qgEQxfQBegQICRAC&usg=AOvVaw1mAh8qbvKa-Ap_FPkP_Mik
172,"Tak Cuma Nadiem, Dana Pendidikan Rp 665 T Mengalir ke Sini Juga",Kompasiana.com,Sebanyak 15 universitas dari Indonesia dan Australia melakukan kerja sama untuk meningkatkan kualitas Pendidikan Guru Indonesia-Australia...1 minggu lalu,https://www.kompasiana.com/kknsangkanurip24/66bdfa8434777c3e021865a2/seminar-semangat-pendidikan-indonesia-menghadapi-tantangan-dalam-pendidikan&sa=U&ved=2ahUKEwjus8rLne-IAxVtSWwGHTY1Ceg4qgEQxfQBegQIAhAC&usg=AOvVaw1l3EoztkP3_Rz1IwKoEOq2
173,"Tingkatkan Kualitas Pendidikan Guru, 15 Universitas dari Indonesia dan Australia Bekerja Sama",Kompasiana.com,"Dari Kekerasan hingga Kesenjangan Upah, Tantangan Bagi Kaum Perempuan di Dunia Pendidikan Indonesia · Kunci Jawaban PAI Kelas 11 Halaman 132...1 bulan lalu",https://www.kompasiana.com/muammarhilmi0924/6682be2dc925c47f860034d2/akses-dan-kualitas-pendidikan-di-indonesia&sa=U&ved=2ahUKEwjus8rLne-IAxVtSWwGHTY1Ceg4qgEQxfQBegQIBhAC&usg=AOvVaw3HreIc_cbrpq29e7UgtMFt
174,"Dari Kekerasan hingga Kesenjangan Upah, Tantangan Bagi Kaum Perempuan di Dunia Pendidikan Indonesia",detikcom,Adapun program pemerintah Indonesia diantaranya adalah Bantuan Operasional Sekolah atau sering dikenal dengan Dana BOS. Dana BOS ini adalah...3 bulan lalu,https://www.detik.com/bali/berita/d-7328652/apa-kurikulum-pendidikan-indonesia-saat-ini&sa=U&ved=2ahUKEwjus8rLne-IAxVtSWwGHTY1Ceg4qgEQxfQBegQIABAC&usg=AOvVaw23pDq0sJXes6N7otUhHiMV
175,Efektivitas Kebijakan Pajak dalam Pemerataan Pendidikan Indonesia,Wakil Presiden Republik Indonesia,"Akibatnya, program-program perbaikan pendidikan tidak berjalan dengan semestinya dan kualitas pendidikan tetap rendah. Ketidakmerataan...4 bulan lalu",https://www.wapresri.go.id/tingkatkan-kerjasama-pendidikan-indonesia-dan-al-azhar-siapkan-generasi-penerus-islam-wasathiyyah/&sa=U&ved=2ahUKEwjus8rLne-IAxVtSWwGHTY1Ceg4qgEQxfQBegQICBAC&usg=AOvVaw2MCNJPIctErRouX-YUxjhi
176,Ketidakmerataan dan Bobroknya Sistem Pendidikan di Indonesia - kumparan.com,CNBC Indonesia,Pencapaian UM sebagai peringkat pertama dalam Bidang Keilmuan Pendidikan di Indonesia adalah hasil dari dedikasi dan kerja keras seluruh civitas...5 bulan lalu,https://www.cnbcindonesia.com/research/20240521154754-128-540170/tak-cuma-nadiem-dana-pendidikan-rp-665-t-mengalir-ke-sini-juga&sa=U&ved=2ahUKEwjus8rLne-IAxVtSWwGHTY1Ceg4qgEQxfQBegQIAxAC&usg=AOvVaw32yj8YRflT0k0frJqddppf
177,UM Menjadi Kampus Terbaik dalam Bidang Keilmuan Pendidikan di Indonesia versi SIR 2024,iNews.ID,"Sehubungan dengan masalah PDN tersebut, masa pendaftaran Beasiswa Pendidikan Indonesia Dalam Negeri dan BPI Pathway Program Doktoral Luar Negeri...2 bulan lalu",https://purwokerto.inews.id/read/497312/tingkatkan-kualitas-pendidikan-guru-15-universitas-dari-indonesia-dan-australia-bekerja-sama&sa=U&ved=2ahUKEwjus8rLne-IAxVtSWwGHTY1Ceg4qgEQxfQBegQIBxAC&usg=AOvVaw2kZd_Tq7DJ_2JrzAPtyp8y
178,"Pendaftaran Beasiswa Pendidikan Indonesia Diperpanjang, Peserta Unggah Ulang Dokumen",Tribunnews.com,Pendidikan Islam merupakan bagian penting dari pendidikan agama yang berperan dalam membentuk individu yang memiliki akhlak Islami. Melalui...6 bulan lalu,https://www.tribunnews.com/nasional/2024/08/27/dari-kekerasan-hingga-kesenjangan-upah-tantangan-bagi-kaum-perempuan-di-dunia-pendidikan-indonesia&sa=U&ved=2ahUKEwjus8rLne-IAxVtSWwGHTY1Ceg4qgEQxfQBegQIARAC&usg=AOvVaw3XqOeHEd1St8EynIkNsnvc
179,Kemajuan Pendidikan Islam di Indonesia Perlu Dukungan Data Berkualitas,Pajak.com,"Pada dasarnya, setiap mahasiswa memiliki dana yang diperoleh dari program Pertukaran Mahasiswa Merdeka. Namun demikian, dari dana tersebut...4 bulan lalu",https://www.pajak.com/pajak/efektivitas-kebijakan-pajak-dalam-pemerataan-pendidikan-indonesia/&sa=U&ved=2ahUKEwjus8rLne-IAxVtSWwGHTY1Ceg4qgEQxfQBegQIBRAC&usg=AOvVaw0Ovg0R_GgcSJPiVuULlMNp
180,"Kontribusi Sosial Pertukaran Mahasiswa Merdeka Angkatan 4 Universitas Pendidikan Indonesia, Tutup Aktivitas Modul Nusantara – BERITA UPI",Kumparan,"PEMALANG – Guna menghadapi dinamika kehidupan dimasa mendatang, penguatan pendidikan karakter (PPK) bagi peserta didik sangatlah penting untuk disiapkan,...3 bulan lalu",https://kumparan.com/hayatinnufus231/ketidakmerataan-dan-bobroknya-sistem-pendidikan-di-indonesia-22pS7OEqFku&sa=U&ved=2ahUKEwiA7OLLne-IAxXgxTgGHZTZI-M4tAEQxfQBegQIBRAC&usg=AOvVaw1Ltym10AjNWxfb_aZ1neUz
181,"Pendidikan Karakter, Bekal Generasi Emas Indonesia",Universitas Negeri Malang (UM),"Hashim Djojohadikusumo optimistis makan bergizi gratis mampu tingkatkan kualitas pendidikan di Indonesia. Menurutnya, itu adalah investasi...1 bulan lalu",https://um.ac.id/rilis/um-menjadi-kampus-terbaik-dalam-bidang-keilmuan-pendidikan-di-indonesia-versi-sir-2024/&sa=U&ved=2ahUKEwiA7OLLne-IAxXgxTgGHZTZI-M4tAEQxfQBegQICRAC&usg=AOvVaw28e1-OXAkqXKUuMQj73E-t
182,Hashim Sebut Makan Bergizi Gratis Bakal Tingkatkan Ranking Pendidikan Indonesia,iNews.ID,Sekretaris Kabinet (Seskab) Pramono Anung menekankan pentingnya kolaborasi dan sinergi seluruh pemangku kepentingan guna memajukan...5 bulan lalu,https://purwokerto.inews.id/read/497312/tingkatkan-kualitas-pendidikan-guru-15-universitas-dari-indonesia-dan-australia-bekerja-sama&sa=U&ved=2ahUKEwiA7OLLne-IAxXgxTgGHZTZI-M4tAEQxfQBegQIBBAC&usg=AOvVaw3bFWziHEXnbXh5jMTjI47t
183,"Hardiknas 2024, Seskab Dorong Kolaborasi Majukan Pendidikan Nasional",detikcom,"Anindito Aditomo, menjelaskan UN hanya ujian untuk kelulusan.1 minggu lalu",https://www.detik.com/edu/beasiswa/d-7442969/pendaftaran-beasiswa-pendidikan-indonesia-diperpanjang-peserta-unggah-ulang-dokumen&sa=U&ved=2ahUKEwiA7OLLne-IAxXgxTgGHZTZI-M4tAEQxfQBegQIAhAC&usg=AOvVaw3XZl0XTodfZWarzDhPxBav
184,Kampus Luar Negeri Tak Terima Lulusan SMA Indonesia Gegara UN Dihapus? Ini Kata Kemendikbudristek,UIN Jakarta,Surabaya – Sebanyak 55 mahasiswa Program Pendidikan Profesi Guru (PPG) Prajabatan Gelombang 2 Tahun 2023 dari Universitas Nahdlatul Ulama...1 bulan lalu,https://uinjkt.ac.id/id/kemajuan-pendidikan-islam-di-indonesia-perlu-dukungan-data-berkualitas&sa=U&ved=2ahUKEwiA7OLLne-IAxXgxTgGHZTZI-M4tAEQxfQBegQIARAC&usg=AOvVaw0vEmyDkEzhXOm0KpmK2Qqq
185,Gelar Karya Mahasiswa PPG UNUSA 2024: Membangun Kreativitas dan Kepemimpinan dalam Pendidikan Indonesia,BERITA UPI,Transformasi pendidikan yang tidak merata dapat meningkatkan kesenjangan sosial dan ekonomi dalam masyarakat. Akses terbatas terhadap pendidikan...5 bulan lalu,https://berita.upi.edu/kontribusi-sosial-pertukaran-mahasiswa-merdeka-angkatan-4-universitas-pendidikan-indonesia-tutup-aktivitas-modul-nusantara/&sa=U&ved=2ahUKEwiA7OLLne-IAxXgxTgGHZTZI-M4tAEQxfQBegQIABAC&usg=AOvVaw0FtHifk8bygDnIu7hyK5V5
186,Sisi Gelap Transformasi Pendidikan Indonesia di Era Modern,Pemerintah Kabupaten Pemalang,"Mendikbud Sebut Kartu Indonesia Pintar Upaya Tingkatkan Kualitas Pendidikan · Baca juga: 7 Tahun Pelaksanaan PPDB, P2G: Manipulasi Kartu...1 bulan lalu",https://pemalangkab.go.id/2020/02/pendidikan-karakter-bekal-generasi-emas-indonesia&sa=U&ved=2ahUKEwiA7OLLne-IAxXgxTgGHZTZI-M4tAEQxfQBegQICBAC&usg=AOvVaw3JtcOuTNzoEYyO-tjp6mxy
187,Mendikbud Sebut Kartu Indonesia Pintar Upaya Tingkatkan Kualitas Pendidikan,detikNews,KEMENKO PMK — Indonesia mulai menjalin kerja sama dengan China di bidang pendidikan dan pelatihan vokasi. Kerjasama ini terwujud atas...5 bulan lalu,https://news.detik.com/berita/d-7472320/hashim-sebut-makan-bergizi-gratis-bakal-tingkatkan-ranking-pendidikan-indonesia&sa=U&ved=2ahUKEwiA7OLLne-IAxXgxTgGHZTZI-M4tAEQxfQBegQIBhAC&usg=AOvVaw0CJGCu_-VTa-X52JOANu2_
188,"Demi Wujudkan SDM Unggul, Pemerintah Indonesia dan Pemerintah China Jalin Kerjasama di Bidang Pendidikan dan Pelatihan Vokasi",Sekretariat Kabinet Republik Indonesia,"Sesuai dengan pidato Rektor dalam upacara, Universitas Jember telah membuktikan dengan menghasilkan lulusan dengan prestasi yang membanggakan.5 bulan lalu",https://setkab.go.id/hardiknas-2024-seskab-dorong-kolaborasi-majukan-pendidikan-nasional/&sa=U&ved=2ahUKEwiA7OLLne-IAxXgxTgGHZTZI-M4tAEQxfQBegQIAxAC&usg=AOvVaw2uWUKERw5flqa1zmSgu-Se
189,"Bergerak Bersama, Majukan Pendidikan Indonesia",Medcom.id,"Meskipun lulusan perguruan tinggi bukan menjadi faktor satu-satunya untuk mencapai kehidupan yang stabil, namun pendidikan merupakan hak warga...2 bulan lalu",https://www.medcom.id/pendidikan/news-pendidikan/eN4mvOWb-kampus-luar-negeri-tak-terima-lulusan-sma-indonesia-gegara-un-dihapus-ini-kata-kemendikbudristek&sa=U&ved=2ahUKEwiA7OLLne-IAxXgxTgGHZTZI-M4tAEQxfQBegQIBxAC&usg=AOvVaw3marOsA_W7HENvuf51P3Ad
190,Lingkaran Ekonomi dan Pendidikan di Indonesia,detikNews,"Wajib Tonton, Ini 9 Film Indonesia Bertema Pendidikan · 9. Adriana (2013) · 8. Cita-citaku Setinggi Tanah (2011) · 7. Semesta Mendukung (2011).5 bulan lalu",https://news.detik.com/berita/d-7472320/hashim-sebut-makan-bergizi-gratis-bakal-tingkatkan-ranking-pendidikan-indonesia&sa=U&ved=2ahUKEwi-kKLMne-IAxV6d2wGHdnRPD84vgEQxfQBegQIAhAC&usg=AOvVaw2uVBmbHMxS2H83zTIZFYZP
